"","evwork","year","id"
"1",NA,2022,1
"2",1,2022,2
"3",NA,2022,3
"4",NA,2022,4
"5",1,2022,5
"6",NA,2022,6
"7",NA,2022,7
"8",NA,2022,8
"9",NA,2022,9
"10",1,2022,10
"11",1,2022,11
"12",NA,2022,12
"13",NA,2022,13
"14",NA,2022,14
"15",1,2022,15
"16",1,2022,16
"17",2,2022,17
"18",NA,2022,18
"19",NA,2022,19
"20",1,2022,20
"21",1,2022,21
"22",1,2022,22
"23",1,2022,23
"24",NA,2022,24
"25",NA,2022,25
"26",1,2022,26
"27",NA,2022,27
"28",1,2022,28
"29",NA,2022,29
"30",1,2022,30
"31",NA,2022,31
"32",1,2022,32
"33",1,2022,33
"34",1,2022,34
"35",1,2022,35
"36",NA,2022,36
"37",1,2022,37
"38",1,2022,38
"39",NA,2022,39
"40",NA,2022,40
"41",NA,2022,41
"42",1,2022,42
"43",NA,2022,43
"44",NA,2022,44
"45",1,2022,45
"46",NA,2022,46
"47",NA,2022,47
"48",1,2022,48
"49",1,2022,49
"50",1,2022,50
"51",NA,2022,51
"52",NA,2022,52
"53",NA,2022,53
"54",NA,2022,54
"55",NA,2022,55
"56",1,2022,56
"57",NA,2022,57
"58",1,2022,58
"59",1,2022,59
"60",NA,2022,60
"61",NA,2022,61
"62",NA,2022,62
"63",1,2022,63
"64",1,2022,64
"65",1,2022,65
"66",NA,2022,66
"67",NA,2022,67
"68",NA,2022,68
"69",NA,2022,69
"70",1,2022,70
"71",NA,2022,71
"72",NA,2022,72
"73",NA,2022,73
"74",1,2022,74
"75",1,2022,75
"76",NA,2022,76
"77",1,2022,77
"78",NA,2022,78
"79",1,2022,79
"80",NA,2022,80
"81",NA,2022,81
"82",NA,2022,82
"83",NA,2022,83
"84",NA,2022,84
"85",1,2022,85
"86",NA,2022,86
"87",2,2022,87
"88",1,2022,88
"89",NA,2022,89
"90",NA,2022,90
"91",NA,2022,91
"92",NA,2022,92
"93",1,2022,93
"94",NA,2022,94
"95",NA,2022,95
"96",NA,2022,96
"97",NA,2022,97
"98",1,2022,98
"99",NA,2022,99
"100",NA,2022,100
"101",NA,2022,101
"102",NA,2022,102
"103",NA,2022,103
"104",NA,2022,104
"105",NA,2022,105
"106",NA,2022,106
"107",NA,2022,107
"108",1,2022,108
"109",1,2022,109
"110",1,2022,110
"111",NA,2022,111
"112",NA,2022,112
"113",NA,2022,113
"114",NA,2022,114
"115",NA,2022,115
"116",NA,2022,116
"117",NA,2022,117
"118",NA,2022,118
"119",1,2022,119
"120",NA,2022,120
"121",NA,2022,121
"122",1,2022,122
"123",NA,2022,123
"124",1,2022,124
"125",NA,2022,125
"126",1,2022,126
"127",NA,2022,127
"128",NA,2022,128
"129",NA,2022,129
"130",NA,2022,130
"131",NA,2022,131
"132",NA,2022,132
"133",NA,2022,133
"134",1,2022,134
"135",NA,2022,135
"136",NA,2022,136
"137",NA,2022,137
"138",2,2022,138
"139",NA,2022,139
"140",NA,2022,140
"141",NA,2022,141
"142",1,2022,142
"143",NA,2022,143
"144",1,2022,144
"145",1,2022,145
"146",NA,2022,146
"147",1,2022,147
"148",1,2022,148
"149",NA,2022,149
"150",NA,2022,150
"151",NA,2022,151
"152",NA,2022,152
"153",1,2022,153
"154",2,2022,154
"155",1,2022,155
"156",NA,2022,156
"157",1,2022,157
"158",1,2022,158
"159",NA,2022,159
"160",NA,2022,160
"161",NA,2022,161
"162",NA,2022,162
"163",NA,2022,163
"164",NA,2022,164
"165",1,2022,165
"166",NA,2022,166
"167",1,2022,167
"168",NA,2022,168
"169",NA,2022,169
"170",NA,2022,170
"171",NA,2022,171
"172",NA,2022,172
"173",NA,2022,173
"174",1,2022,174
"175",NA,2022,175
"176",NA,2022,176
"177",NA,2022,177
"178",NA,2022,178
"179",NA,2022,179
"180",1,2022,180
"181",NA,2022,181
"182",NA,2022,182
"183",NA,2022,183
"184",NA,2022,184
"185",NA,2022,185
"186",NA,2022,186
"187",1,2022,187
"188",NA,2022,188
"189",NA,2022,189
"190",NA,2022,190
"191",NA,2022,191
"192",NA,2022,192
"193",NA,2022,193
"194",1,2022,194
"195",NA,2022,195
"196",1,2022,196
"197",NA,2022,197
"198",1,2022,198
"199",NA,2022,199
"200",NA,2022,200
"201",NA,2022,201
"202",NA,2022,202
"203",NA,2022,203
"204",NA,2022,204
"205",1,2022,205
"206",1,2022,206
"207",NA,2022,207
"208",1,2022,208
"209",NA,2022,209
"210",NA,2022,210
"211",NA,2022,211
"212",1,2022,212
"213",NA,2022,213
"214",NA,2022,214
"215",1,2022,215
"216",NA,2022,216
"217",NA,2022,217
"218",NA,2022,218
"219",1,2022,219
"220",NA,2022,220
"221",1,2022,221
"222",NA,2022,222
"223",2,2022,223
"224",NA,2022,224
"225",NA,2022,225
"226",NA,2022,226
"227",NA,2022,227
"228",NA,2022,228
"229",NA,2022,229
"230",NA,2022,230
"231",NA,2022,231
"232",NA,2022,232
"233",NA,2022,233
"234",NA,2022,234
"235",NA,2022,235
"236",NA,2022,236
"237",1,2022,237
"238",2,2022,238
"239",NA,2022,239
"240",NA,2022,240
"241",NA,2022,241
"242",NA,2022,242
"243",NA,2022,243
"244",2,2022,244
"245",NA,2022,245
"246",2,2022,246
"247",NA,2022,247
"248",2,2022,248
"249",1,2022,249
"250",NA,2022,250
"251",NA,2022,251
"252",2,2022,252
"253",1,2022,253
"254",NA,2022,254
"255",1,2022,255
"256",NA,2022,256
"257",2,2022,257
"258",NA,2022,258
"259",1,2022,259
"260",NA,2022,260
"261",2,2022,261
"262",2,2022,262
"263",NA,2022,263
"264",NA,2022,264
"265",NA,2022,265
"266",NA,2022,266
"267",NA,2022,267
"268",NA,2022,268
"269",1,2022,269
"270",NA,2022,270
"271",NA,2022,271
"272",NA,2022,272
"273",NA,2022,273
"274",NA,2022,274
"275",NA,2022,275
"276",NA,2022,276
"277",NA,2022,277
"278",1,2022,278
"279",NA,2022,279
"280",NA,2022,280
"281",1,2022,281
"282",NA,2022,282
"283",1,2022,283
"284",1,2022,284
"285",NA,2022,285
"286",NA,2022,286
"287",NA,2022,287
"288",1,2022,288
"289",NA,2022,289
"290",1,2022,290
"291",NA,2022,291
"292",NA,2022,292
"293",1,2022,293
"294",NA,2022,294
"295",NA,2022,295
"296",2,2022,296
"297",NA,2022,297
"298",1,2022,298
"299",NA,2022,299
"300",NA,2022,300
"301",1,2022,301
"302",1,2022,302
"303",1,2022,303
"304",NA,2022,304
"305",1,2022,305
"306",NA,2022,306
"307",NA,2022,307
"308",1,2022,308
"309",1,2022,309
"310",NA,2022,310
"311",NA,2022,311
"312",1,2022,312
"313",1,2022,313
"314",NA,2022,314
"315",1,2022,315
"316",1,2022,316
"317",NA,2022,317
"318",1,2022,318
"319",NA,2022,319
"320",NA,2022,320
"321",NA,2022,321
"322",NA,2022,322
"323",2,2022,323
"324",NA,2022,324
"325",NA,2022,325
"326",NA,2022,326
"327",1,2022,327
"328",NA,2022,328
"329",NA,2022,329
"330",NA,2022,330
"331",NA,2022,331
"332",1,2022,332
"333",NA,2022,333
"334",NA,2022,334
"335",NA,2022,335
"336",1,2022,336
"337",NA,2022,337
"338",NA,2022,338
"339",1,2022,339
"340",NA,2022,340
"341",NA,2022,341
"342",NA,2022,342
"343",NA,2022,343
"344",1,2022,344
"345",NA,2022,345
"346",1,2022,346
"347",1,2022,347
"348",NA,2022,348
"349",NA,2022,349
"350",NA,2022,350
"351",NA,2022,351
"352",NA,2022,352
"353",NA,2022,353
"354",NA,2022,354
"355",NA,2022,355
"356",NA,2022,356
"357",1,2022,357
"358",NA,2022,358
"359",1,2022,359
"360",1,2022,360
"361",NA,2022,361
"362",1,2022,362
"363",NA,2022,363
"364",1,2022,364
"365",1,2022,365
"366",NA,2022,366
"367",1,2022,367
"368",1,2022,368
"369",1,2022,369
"370",NA,2022,370
"371",1,2022,371
"372",1,2022,372
"373",NA,2022,373
"374",NA,2022,374
"375",NA,2022,375
"376",2,2022,376
"377",NA,2022,377
"378",NA,2022,378
"379",NA,2022,379
"380",1,2022,380
"381",NA,2022,381
"382",1,2022,382
"383",NA,2022,383
"384",1,2022,384
"385",1,2022,385
"386",NA,2022,386
"387",1,2022,387
"388",1,2022,388
"389",NA,2022,389
"390",NA,2022,390
"391",1,2022,391
"392",2,2022,392
"393",1,2022,393
"394",NA,2022,394
"395",1,2022,395
"396",2,2022,396
"397",1,2022,397
"398",NA,2022,398
"399",NA,2022,399
"400",NA,2022,400
"401",NA,2022,401
"402",1,2022,402
"403",NA,2022,403
"404",NA,2022,404
"405",NA,2022,405
"406",NA,2022,406
"407",NA,2022,407
"408",1,2022,408
"409",2,2022,409
"410",1,2022,410
"411",1,2022,411
"412",1,2022,412
"413",NA,2022,413
"414",NA,2022,414
"415",1,2022,415
"416",NA,2022,416
"417",1,2022,417
"418",NA,2022,418
"419",NA,2022,419
"420",1,2022,420
"421",NA,2022,421
"422",NA,2022,422
"423",1,2022,423
"424",NA,2022,424
"425",NA,2022,425
"426",NA,2022,426
"427",1,2022,427
"428",NA,2022,428
"429",NA,2022,429
"430",NA,2022,430
"431",NA,2022,431
"432",1,2022,432
"433",NA,2022,433
"434",NA,2022,434
"435",NA,2022,435
"436",1,2022,436
"437",NA,2022,437
"438",NA,2022,438
"439",NA,2022,439
"440",NA,2022,440
"441",NA,2022,441
"442",1,2022,442
"443",NA,2022,443
"444",NA,2022,444
"445",NA,2022,445
"446",NA,2022,446
"447",NA,2022,447
"448",1,2022,448
"449",NA,2022,449
"450",NA,2022,450
"451",NA,2022,451
"452",NA,2022,452
"453",NA,2022,453
"454",NA,2022,454
"455",NA,2022,455
"456",1,2022,456
"457",NA,2022,457
"458",1,2022,458
"459",NA,2022,459
"460",NA,2022,460
"461",1,2022,461
"462",NA,2022,462
"463",NA,2022,463
"464",1,2022,464
"465",NA,2022,465
"466",NA,2022,466
"467",NA,2022,467
"468",1,2022,468
"469",NA,2022,469
"470",NA,2022,470
"471",NA,2022,471
"472",NA,2022,472
"473",NA,2022,473
"474",NA,2022,474
"475",1,2022,475
"476",NA,2022,476
"477",1,2022,477
"478",NA,2022,478
"479",NA,2022,479
"480",1,2022,480
"481",1,2022,481
"482",NA,2022,482
"483",NA,2022,483
"484",NA,2022,484
"485",NA,2022,485
"486",1,2022,486
"487",NA,2022,487
"488",NA,2022,488
"489",NA,2022,489
"490",1,2022,490
"491",NA,2022,491
"492",NA,2022,492
"493",NA,2022,493
"494",1,2022,494
"495",NA,2022,495
"496",1,2022,496
"497",NA,2022,497
"498",NA,2022,498
"499",NA,2022,499
"500",NA,2022,500
"501",1,2022,501
"502",NA,2022,502
"503",NA,2022,503
"504",1,2022,504
"505",NA,2022,505
"506",NA,2022,506
"507",NA,2022,507
"508",NA,2022,508
"509",1,2022,509
"510",NA,2022,510
"511",NA,2022,511
"512",NA,2022,512
"513",NA,2022,513
"514",1,2022,514
"515",NA,2022,515
"516",NA,2022,516
"517",1,2022,517
"518",NA,2022,518
"519",NA,2022,519
"520",NA,2022,520
"521",1,2022,521
"522",NA,2022,522
"523",NA,2022,523
"524",NA,2022,524
"525",1,2022,525
"526",1,2022,526
"527",NA,2022,527
"528",NA,2022,528
"529",1,2022,529
"530",NA,2022,530
"531",NA,2022,531
"532",NA,2022,532
"533",NA,2022,533
"534",NA,2022,534
"535",NA,2022,535
"536",1,2022,536
"537",NA,2022,537
"538",1,2022,538
"539",NA,2022,539
"540",NA,2022,540
"541",NA,2022,541
"542",NA,2022,542
"543",NA,2022,543
"544",NA,2022,544
"545",NA,2022,545
"546",NA,2022,546
"547",NA,2022,547
"548",NA,2022,548
"549",NA,2022,549
"550",NA,2022,550
"551",1,2022,551
"552",NA,2022,552
"553",1,2022,553
"554",NA,2022,554
"555",1,2022,555
"556",NA,2022,556
"557",NA,2022,557
"558",1,2022,558
"559",NA,2022,559
"560",1,2022,560
"561",1,2022,561
"562",NA,2022,562
"563",NA,2022,563
"564",NA,2022,564
"565",NA,2022,565
"566",NA,2022,566
"567",NA,2022,567
"568",NA,2022,568
"569",1,2022,569
"570",NA,2022,570
"571",NA,2022,571
"572",NA,2022,572
"573",NA,2022,573
"574",NA,2022,574
"575",NA,2022,575
"576",NA,2022,576
"577",NA,2022,577
"578",NA,2022,578
"579",1,2022,579
"580",NA,2022,580
"581",NA,2022,581
"582",1,2022,582
"583",NA,2022,583
"584",NA,2022,584
"585",NA,2022,585
"586",NA,2022,586
"587",2,2022,587
"588",NA,2022,588
"589",NA,2022,589
"590",NA,2022,590
"591",NA,2022,591
"592",1,2022,592
"593",NA,2022,593
"594",NA,2022,594
"595",1,2022,595
"596",1,2022,596
"597",1,2022,597
"598",NA,2022,598
"599",NA,2022,599
"600",NA,2022,600
"601",NA,2022,601
"602",1,2022,602
"603",NA,2022,603
"604",NA,2022,604
"605",NA,2022,605
"606",1,2022,606
"607",NA,2022,607
"608",NA,2022,608
"609",NA,2022,609
"610",NA,2022,610
"611",NA,2022,611
"612",NA,2022,612
"613",1,2022,613
"614",1,2022,614
"615",NA,2022,615
"616",NA,2022,616
"617",1,2022,617
"618",NA,2022,618
"619",1,2022,619
"620",1,2022,620
"621",NA,2022,621
"622",1,2022,622
"623",NA,2022,623
"624",1,2022,624
"625",NA,2022,625
"626",1,2022,626
"627",NA,2022,627
"628",NA,2022,628
"629",NA,2022,629
"630",NA,2022,630
"631",1,2022,631
"632",NA,2022,632
"633",NA,2022,633
"634",1,2022,634
"635",NA,2022,635
"636",1,2022,636
"637",NA,2022,637
"638",1,2022,638
"639",NA,2022,639
"640",NA,2022,640
"641",NA,2022,641
"642",NA,2022,642
"643",1,2022,643
"644",NA,2022,644
"645",NA,2022,645
"646",1,2022,646
"647",NA,2022,647
"648",NA,2022,648
"649",NA,2022,649
"650",1,2022,650
"651",NA,2022,651
"652",1,2022,652
"653",NA,2022,653
"654",NA,2022,654
"655",NA,2022,655
"656",1,2022,656
"657",NA,2022,657
"658",1,2022,658
"659",NA,2022,659
"660",NA,2022,660
"661",NA,2022,661
"662",1,2022,662
"663",NA,2022,663
"664",1,2022,664
"665",1,2022,665
"666",1,2022,666
"667",1,2022,667
"668",NA,2022,668
"669",1,2022,669
"670",NA,2022,670
"671",NA,2022,671
"672",NA,2022,672
"673",NA,2022,673
"674",1,2022,674
"675",1,2022,675
"676",NA,2022,676
"677",NA,2022,677
"678",NA,2022,678
"679",1,2022,679
"680",NA,2022,680
"681",NA,2022,681
"682",1,2022,682
"683",NA,2022,683
"684",NA,2022,684
"685",NA,2022,685
"686",NA,2022,686
"687",NA,2022,687
"688",1,2022,688
"689",NA,2022,689
"690",NA,2022,690
"691",NA,2022,691
"692",NA,2022,692
"693",NA,2022,693
"694",1,2022,694
"695",NA,2022,695
"696",1,2022,696
"697",NA,2022,697
"698",NA,2022,698
"699",NA,2022,699
"700",NA,2022,700
"701",NA,2022,701
"702",NA,2022,702
"703",NA,2022,703
"704",1,2022,704
"705",1,2022,705
"706",NA,2022,706
"707",1,2022,707
"708",1,2022,708
"709",1,2022,709
"710",2,2022,710
"711",NA,2022,711
"712",1,2022,712
"713",1,2022,713
"714",NA,2022,714
"715",2,2022,715
"716",1,2022,716
"717",NA,2022,717
"718",1,2022,718
"719",NA,2022,719
"720",1,2022,720
"721",1,2022,721
"722",NA,2022,722
"723",1,2022,723
"724",1,2022,724
"725",1,2022,725
"726",1,2022,726
"727",NA,2022,727
"728",1,2022,728
"729",NA,2022,729
"730",NA,2022,730
"731",NA,2022,731
"732",1,2022,732
"733",NA,2022,733
"734",NA,2022,734
"735",1,2022,735
"736",NA,2022,736
"737",NA,2022,737
"738",NA,2022,738
"739",1,2022,739
"740",NA,2022,740
"741",NA,2022,741
"742",1,2022,742
"743",NA,2022,743
"744",NA,2022,744
"745",NA,2022,745
"746",1,2022,746
"747",1,2022,747
"748",1,2022,748
"749",1,2022,749
"750",NA,2022,750
"751",1,2022,751
"752",1,2022,752
"753",1,2022,753
"754",NA,2022,754
"755",1,2022,755
"756",NA,2022,756
"757",NA,2022,757
"758",1,2022,758
"759",2,2022,759
"760",1,2022,760
"761",NA,2022,761
"762",NA,2022,762
"763",NA,2022,763
"764",1,2022,764
"765",NA,2022,765
"766",NA,2022,766
"767",NA,2022,767
"768",NA,2022,768
"769",1,2022,769
"770",NA,2022,770
"771",NA,2022,771
"772",NA,2022,772
"773",NA,2022,773
"774",1,2022,774
"775",1,2022,775
"776",1,2022,776
"777",1,2022,777
"778",1,2022,778
"779",1,2022,779
"780",1,2022,780
"781",1,2022,781
"782",1,2022,782
"783",1,2022,783
"784",1,2022,784
"785",NA,2022,785
"786",NA,2022,786
"787",NA,2022,787
"788",NA,2022,788
"789",1,2022,789
"790",NA,2022,790
"791",NA,2022,791
"792",NA,2022,792
"793",NA,2022,793
"794",1,2022,794
"795",NA,2022,795
"796",1,2022,796
"797",NA,2022,797
"798",NA,2022,798
"799",1,2022,799
"800",NA,2022,800
"801",1,2022,801
"802",NA,2022,802
"803",NA,2022,803
"804",1,2022,804
"805",NA,2022,805
"806",NA,2022,806
"807",2,2022,807
"808",NA,2022,808
"809",NA,2022,809
"810",1,2022,810
"811",1,2022,811
"812",NA,2022,812
"813",NA,2022,813
"814",NA,2022,814
"815",NA,2022,815
"816",1,2022,816
"817",1,2022,817
"818",NA,2022,818
"819",NA,2022,819
"820",2,2022,820
"821",NA,2022,821
"822",NA,2022,822
"823",1,2022,823
"824",1,2022,824
"825",NA,2022,825
"826",NA,2022,826
"827",NA,2022,827
"828",1,2022,828
"829",NA,2022,829
"830",1,2022,830
"831",NA,2022,831
"832",NA,2022,832
"833",NA,2022,833
"834",NA,2022,834
"835",1,2022,835
"836",NA,2022,836
"837",1,2022,837
"838",NA,2022,838
"839",1,2022,839
"840",NA,2022,840
"841",1,2022,841
"842",NA,2022,842
"843",NA,2022,843
"844",1,2022,844
"845",1,2022,845
"846",NA,2022,846
"847",NA,2022,847
"848",NA,2022,848
"849",1,2022,849
"850",NA,2022,850
"851",NA,2022,851
"852",NA,2022,852
"853",NA,2022,853
"854",1,2022,854
"855",1,2022,855
"856",1,2022,856
"857",NA,2022,857
"858",1,2022,858
"859",NA,2022,859
"860",1,2022,860
"861",1,2022,861
"862",NA,2022,862
"863",1,2022,863
"864",2,2022,864
"865",NA,2022,865
"866",1,2022,866
"867",1,2022,867
"868",NA,2022,868
"869",1,2022,869
"870",NA,2022,870
"871",1,2022,871
"872",1,2022,872
"873",NA,2022,873
"874",1,2022,874
"875",NA,2022,875
"876",NA,2022,876
"877",NA,2022,877
"878",NA,2022,878
"879",2,2022,879
"880",NA,2022,880
"881",2,2022,881
"882",1,2022,882
"883",1,2022,883
"884",1,2022,884
"885",NA,2022,885
"886",NA,2022,886
"887",NA,2022,887
"888",NA,2022,888
"889",NA,2022,889
"890",1,2022,890
"891",NA,2022,891
"892",NA,2022,892
"893",NA,2022,893
"894",1,2022,894
"895",2,2022,895
"896",NA,2022,896
"897",NA,2022,897
"898",1,2022,898
"899",1,2022,899
"900",NA,2022,900
"901",1,2022,901
"902",NA,2022,902
"903",NA,2022,903
"904",NA,2022,904
"905",NA,2022,905
"906",1,2022,906
"907",NA,2022,907
"908",NA,2022,908
"909",1,2022,909
"910",1,2022,910
"911",1,2022,911
"912",NA,2022,912
"913",NA,2022,913
"914",1,2022,914
"915",NA,2022,915
"916",1,2022,916
"917",1,2022,917
"918",NA,2022,918
"919",1,2022,919
"920",NA,2022,920
"921",NA,2022,921
"922",NA,2022,922
"923",1,2022,923
"924",NA,2022,924
"925",1,2022,925
"926",NA,2022,926
"927",NA,2022,927
"928",NA,2022,928
"929",NA,2022,929
"930",NA,2022,930
"931",NA,2022,931
"932",NA,2022,932
"933",NA,2022,933
"934",NA,2022,934
"935",2,2022,935
"936",1,2022,936
"937",NA,2022,937
"938",1,2022,938
"939",1,2022,939
"940",NA,2022,940
"941",NA,2022,941
"942",NA,2022,942
"943",2,2022,943
"944",NA,2022,944
"945",2,2022,945
"946",2,2022,946
"947",NA,2022,947
"948",NA,2022,948
"949",NA,2022,949
"950",NA,2022,950
"951",NA,2022,951
"952",NA,2022,952
"953",NA,2022,953
"954",NA,2022,954
"955",NA,2022,955
"956",NA,2022,956
"957",NA,2022,957
"958",1,2022,958
"959",NA,2022,959
"960",NA,2022,960
"961",1,2022,961
"962",NA,2022,962
"963",NA,2022,963
"964",1,2022,964
"965",NA,2022,965
"966",NA,2022,966
"967",NA,2022,967
"968",NA,2022,968
"969",NA,2022,969
"970",NA,2022,970
"971",NA,2022,971
"972",NA,2022,972
"973",NA,2022,973
"974",NA,2022,974
"975",1,2022,975
"976",NA,2022,976
"977",NA,2022,977
"978",NA,2022,978
"979",NA,2022,979
"980",NA,2022,980
"981",NA,2022,981
"982",NA,2022,982
"983",NA,2022,983
"984",1,2022,984
"985",NA,2022,985
"986",NA,2022,986
"987",NA,2022,987
"988",NA,2022,988
"989",NA,2022,989
"990",1,2022,990
"991",1,2022,991
"992",1,2022,992
"993",1,2022,993
"994",2,2022,994
"995",NA,2022,995
"996",NA,2022,996
"997",1,2022,997
"998",NA,2022,998
"999",NA,2022,999
"1000",NA,2022,1000
"1001",NA,2022,1001
"1002",NA,2022,1002
"1003",NA,2022,1003
"1004",NA,2022,1004
"1005",NA,2022,1005
"1006",NA,2022,1006
"1007",NA,2022,1007
"1008",NA,2022,1008
"1009",NA,2022,1009
"1010",NA,2022,1010
"1011",1,2022,1011
"1012",NA,2022,1012
"1013",NA,2022,1013
"1014",1,2022,1014
"1015",NA,2022,1015
"1016",NA,2022,1016
"1017",NA,2022,1017
"1018",1,2022,1018
"1019",NA,2022,1019
"1020",NA,2022,1020
"1021",NA,2022,1021
"1022",1,2022,1022
"1023",1,2022,1023
"1024",NA,2022,1024
"1025",NA,2022,1025
"1026",1,2022,1026
"1027",NA,2022,1027
"1028",NA,2022,1028
"1029",NA,2022,1029
"1030",NA,2022,1030
"1031",NA,2022,1031
"1032",NA,2022,1032
"1033",2,2022,1033
"1034",NA,2022,1034
"1035",NA,2022,1035
"1036",NA,2022,1036
"1037",NA,2022,1037
"1038",2,2022,1038
"1039",NA,2022,1039
"1040",NA,2022,1040
"1041",1,2022,1041
"1042",1,2022,1042
"1043",NA,2022,1043
"1044",1,2022,1044
"1045",NA,2022,1045
"1046",NA,2022,1046
"1047",NA,2022,1047
"1048",1,2022,1048
"1049",1,2022,1049
"1050",1,2022,1050
"1051",NA,2022,1051
"1052",NA,2022,1052
"1053",NA,2022,1053
"1054",1,2022,1054
"1055",1,2022,1055
"1056",NA,2022,1056
"1057",1,2022,1057
"1058",NA,2022,1058
"1059",NA,2022,1059
"1060",NA,2022,1060
"1061",NA,2022,1061
"1062",NA,2022,1062
"1063",NA,2022,1063
"1064",NA,2022,1064
"1065",1,2022,1065
"1066",1,2022,1066
"1067",NA,2022,1067
"1068",1,2022,1068
"1069",NA,2022,1069
"1070",NA,2022,1070
"1071",NA,2022,1071
"1072",NA,2022,1072
"1073",NA,2022,1073
"1074",1,2022,1074
"1075",NA,2022,1075
"1076",NA,2022,1076
"1077",NA,2022,1077
"1078",NA,2022,1078
"1079",NA,2022,1079
"1080",NA,2022,1080
"1081",NA,2022,1081
"1082",NA,2022,1082
"1083",1,2022,1083
"1084",NA,2022,1084
"1085",NA,2022,1085
"1086",NA,2022,1086
"1087",NA,2022,1087
"1088",1,2022,1088
"1089",NA,2022,1089
"1090",1,2022,1090
"1091",NA,2022,1091
"1092",NA,2022,1092
"1093",NA,2022,1093
"1094",NA,2022,1094
"1095",NA,2022,1095
"1096",NA,2022,1096
"1097",NA,2022,1097
"1098",NA,2022,1098
"1099",NA,2022,1099
"1100",NA,2022,1100
"1101",NA,2022,1101
"1102",NA,2022,1102
"1103",NA,2022,1103
"1104",NA,2022,1104
"1105",1,2022,1105
"1106",NA,2022,1106
"1107",NA,2022,1107
"1108",NA,2022,1108
"1109",NA,2022,1109
"1110",NA,2022,1110
"1111",NA,2022,1111
"1112",1,2022,1112
"1113",1,2022,1113
"1114",1,2022,1114
"1115",NA,2022,1115
"1116",NA,2022,1116
"1117",1,2022,1117
"1118",1,2022,1118
"1119",NA,2022,1119
"1120",NA,2022,1120
"1121",1,2022,1121
"1122",1,2022,1122
"1123",NA,2022,1123
"1124",1,2022,1124
"1125",1,2022,1125
"1126",1,2022,1126
"1127",NA,2022,1127
"1128",1,2022,1128
"1129",NA,2022,1129
"1130",1,2022,1130
"1131",NA,2022,1131
"1132",1,2022,1132
"1133",NA,2022,1133
"1134",NA,2022,1134
"1135",1,2022,1135
"1136",1,2022,1136
"1137",NA,2022,1137
"1138",NA,2022,1138
"1139",2,2022,1139
"1140",NA,2022,1140
"1141",1,2022,1141
"1142",NA,2022,1142
"1143",NA,2022,1143
"1144",1,2022,1144
"1145",NA,2022,1145
"1146",NA,2022,1146
"1147",NA,2022,1147
"1148",NA,2022,1148
"1149",NA,2022,1149
"1150",NA,2022,1150
"1151",NA,2022,1151
"1152",NA,2022,1152
"1153",NA,2022,1153
"1154",1,2022,1154
"1155",NA,2022,1155
"1156",1,2022,1156
"1157",NA,2022,1157
"1158",1,2022,1158
"1159",1,2022,1159
"1160",NA,2022,1160
"1161",NA,2022,1161
"1162",1,2022,1162
"1163",NA,2022,1163
"1164",1,2022,1164
"1165",NA,2022,1165
"1166",1,2022,1166
"1167",NA,2022,1167
"1168",NA,2022,1168
"1169",NA,2022,1169
"1170",NA,2022,1170
"1171",1,2022,1171
"1172",NA,2022,1172
"1173",NA,2022,1173
"1174",NA,2022,1174
"1175",NA,2022,1175
"1176",NA,2022,1176
"1177",1,2022,1177
"1178",NA,2022,1178
"1179",NA,2022,1179
"1180",1,2022,1180
"1181",1,2022,1181
"1182",1,2022,1182
"1183",2,2022,1183
"1184",NA,2022,1184
"1185",NA,2022,1185
"1186",2,2022,1186
"1187",NA,2022,1187
"1188",NA,2022,1188
"1189",1,2022,1189
"1190",NA,2022,1190
"1191",NA,2022,1191
"1192",1,2022,1192
"1193",1,2022,1193
"1194",1,2022,1194
"1195",NA,2022,1195
"1196",NA,2022,1196
"1197",1,2022,1197
"1198",NA,2022,1198
"1199",NA,2022,1199
"1200",NA,2022,1200
"1201",2,2022,1201
"1202",1,2022,1202
"1203",NA,2022,1203
"1204",NA,2022,1204
"1205",NA,2022,1205
"1206",NA,2022,1206
"1207",NA,2022,1207
"1208",NA,2022,1208
"1209",NA,2022,1209
"1210",NA,2022,1210
"1211",1,2022,1211
"1212",1,2022,1212
"1213",1,2022,1213
"1214",NA,2022,1214
"1215",NA,2022,1215
"1216",NA,2022,1216
"1217",NA,2022,1217
"1218",1,2022,1218
"1219",1,2022,1219
"1220",NA,2022,1220
"1221",1,2022,1221
"1222",NA,2022,1222
"1223",1,2022,1223
"1224",NA,2022,1224
"1225",NA,2022,1225
"1226",NA,2022,1226
"1227",NA,2022,1227
"1228",NA,2022,1228
"1229",1,2022,1229
"1230",NA,2022,1230
"1231",1,2022,1231
"1232",NA,2022,1232
"1233",NA,2022,1233
"1234",NA,2022,1234
"1235",NA,2022,1235
"1236",NA,2022,1236
"1237",NA,2022,1237
"1238",1,2022,1238
"1239",NA,2022,1239
"1240",NA,2022,1240
"1241",1,2022,1241
"1242",NA,2022,1242
"1243",NA,2022,1243
"1244",NA,2022,1244
"1245",1,2022,1245
"1246",NA,2022,1246
"1247",NA,2022,1247
"1248",1,2022,1248
"1249",NA,2022,1249
"1250",NA,2022,1250
"1251",1,2022,1251
"1252",NA,2022,1252
"1253",NA,2022,1253
"1254",NA,2022,1254
"1255",1,2022,1255
"1256",NA,2022,1256
"1257",NA,2022,1257
"1258",NA,2022,1258
"1259",NA,2022,1259
"1260",1,2022,1260
"1261",2,2022,1261
"1262",1,2022,1262
"1263",NA,2022,1263
"1264",NA,2022,1264
"1265",1,2022,1265
"1266",1,2022,1266
"1267",NA,2022,1267
"1268",1,2022,1268
"1269",NA,2022,1269
"1270",NA,2022,1270
"1271",NA,2022,1271
"1272",NA,2022,1272
"1273",NA,2022,1273
"1274",NA,2022,1274
"1275",NA,2022,1275
"1276",NA,2022,1276
"1277",NA,2022,1277
"1278",NA,2022,1278
"1279",NA,2022,1279
"1280",NA,2022,1280
"1281",1,2022,1281
"1282",1,2022,1282
"1283",NA,2022,1283
"1284",NA,2022,1284
"1285",NA,2022,1285
"1286",NA,2022,1286
"1287",1,2022,1287
"1288",2,2022,1288
"1289",NA,2022,1289
"1290",NA,2022,1290
"1291",NA,2022,1291
"1292",1,2022,1292
"1293",NA,2022,1293
"1294",1,2022,1294
"1295",NA,2022,1295
"1296",NA,2022,1296
"1297",1,2022,1297
"1298",NA,2022,1298
"1299",2,2022,1299
"1300",1,2022,1300
"1301",1,2022,1301
"1302",NA,2022,1302
"1303",NA,2022,1303
"1304",NA,2022,1304
"1305",NA,2022,1305
"1306",NA,2022,1306
"1307",2,2022,1307
"1308",NA,2022,1308
"1309",NA,2022,1309
"1310",1,2022,1310
"1311",NA,2022,1311
"1312",NA,2022,1312
"1313",NA,2022,1313
"1314",NA,2022,1314
"1315",1,2022,1315
"1316",NA,2022,1316
"1317",1,2022,1317
"1318",NA,2022,1318
"1319",NA,2022,1319
"1320",1,2022,1320
"1321",NA,2022,1321
"1322",NA,2022,1322
"1323",1,2022,1323
"1324",1,2022,1324
"1325",NA,2022,1325
"1326",NA,2022,1326
"1327",NA,2022,1327
"1328",NA,2022,1328
"1329",NA,2022,1329
"1330",NA,2022,1330
"1331",NA,2022,1331
"1332",NA,2022,1332
"1333",NA,2022,1333
"1334",NA,2022,1334
"1335",NA,2022,1335
"1336",1,2022,1336
"1337",NA,2022,1337
"1338",NA,2022,1338
"1339",NA,2022,1339
"1340",1,2022,1340
"1341",1,2022,1341
"1342",NA,2022,1342
"1343",NA,2022,1343
"1344",NA,2022,1344
"1345",1,2022,1345
"1346",1,2022,1346
"1347",1,2022,1347
"1348",1,2022,1348
"1349",NA,2022,1349
"1350",NA,2022,1350
"1351",NA,2022,1351
"1352",NA,2022,1352
"1353",1,2022,1353
"1354",NA,2022,1354
"1355",NA,2022,1355
"1356",NA,2022,1356
"1357",NA,2022,1357
"1358",NA,2022,1358
"1359",NA,2022,1359
"1360",NA,2022,1360
"1361",NA,2022,1361
"1362",NA,2022,1362
"1363",NA,2022,1363
"1364",NA,2022,1364
"1365",1,2022,1365
"1366",NA,2022,1366
"1367",1,2022,1367
"1368",NA,2022,1368
"1369",NA,2022,1369
"1370",NA,2022,1370
"1371",NA,2022,1371
"1372",2,2022,1372
"1373",1,2022,1373
"1374",1,2022,1374
"1375",NA,2022,1375
"1376",1,2022,1376
"1377",1,2022,1377
"1378",NA,2022,1378
"1379",NA,2022,1379
"1380",NA,2022,1380
"1381",NA,2022,1381
"1382",1,2022,1382
"1383",1,2022,1383
"1384",NA,2022,1384
"1385",NA,2022,1385
"1386",1,2022,1386
"1387",1,2022,1387
"1388",NA,2022,1388
"1389",NA,2022,1389
"1390",1,2022,1390
"1391",1,2022,1391
"1392",NA,2022,1392
"1393",NA,2022,1393
"1394",NA,2022,1394
"1395",NA,2022,1395
"1396",NA,2022,1396
"1397",NA,2022,1397
"1398",1,2022,1398
"1399",1,2022,1399
"1400",NA,2022,1400
"1401",1,2022,1401
"1402",1,2022,1402
"1403",NA,2022,1403
"1404",1,2022,1404
"1405",NA,2022,1405
"1406",NA,2022,1406
"1407",1,2022,1407
"1408",NA,2022,1408
"1409",NA,2022,1409
"1410",1,2022,1410
"1411",NA,2022,1411
"1412",NA,2022,1412
"1413",1,2022,1413
"1414",NA,2022,1414
"1415",NA,2022,1415
"1416",NA,2022,1416
"1417",1,2022,1417
"1418",NA,2022,1418
"1419",NA,2022,1419
"1420",1,2022,1420
"1421",NA,2022,1421
"1422",1,2022,1422
"1423",NA,2022,1423
"1424",1,2022,1424
"1425",NA,2022,1425
"1426",NA,2022,1426
"1427",1,2022,1427
"1428",NA,2022,1428
"1429",NA,2022,1429
"1430",1,2022,1430
"1431",NA,2022,1431
"1432",NA,2022,1432
"1433",1,2022,1433
"1434",NA,2022,1434
"1435",1,2022,1435
"1436",1,2022,1436
"1437",1,2022,1437
"1438",1,2022,1438
"1439",NA,2022,1439
"1440",1,2022,1440
"1441",NA,2022,1441
"1442",1,2022,1442
"1443",NA,2022,1443
"1444",NA,2022,1444
"1445",1,2022,1445
"1446",NA,2022,1446
"1447",1,2022,1447
"1448",1,2022,1448
"1449",NA,2022,1449
"1450",NA,2022,1450
"1451",1,2022,1451
"1452",NA,2022,1452
"1453",NA,2022,1453
"1454",NA,2022,1454
"1455",1,2022,1455
"1456",NA,2022,1456
"1457",NA,2022,1457
"1458",NA,2022,1458
"1459",NA,2022,1459
"1460",NA,2022,1460
"1461",NA,2022,1461
"1462",NA,2022,1462
"1463",NA,2022,1463
"1464",NA,2022,1464
"1465",NA,2022,1465
"1466",1,2022,1466
"1467",NA,2022,1467
"1468",1,2022,1468
"1469",NA,2022,1469
"1470",NA,2022,1470
"1471",1,2022,1471
"1472",1,2022,1472
"1473",NA,2022,1473
"1474",1,2022,1474
"1475",NA,2022,1475
"1476",1,2022,1476
"1477",1,2022,1477
"1478",1,2022,1478
"1479",NA,2022,1479
"1480",NA,2022,1480
"1481",NA,2022,1481
"1482",NA,2022,1482
"1483",1,2022,1483
"1484",NA,2022,1484
"1485",NA,2022,1485
"1486",1,2022,1486
"1487",NA,2022,1487
"1488",1,2022,1488
"1489",1,2022,1489
"1490",1,2022,1490
"1491",NA,2022,1491
"1492",NA,2022,1492
"1493",NA,2022,1493
"1494",1,2022,1494
"1495",1,2022,1495
"1496",1,2022,1496
"1497",1,2022,1497
"1498",1,2022,1498
"1499",NA,2022,1499
"1500",1,2022,1500
"1501",1,2022,1501
"1502",1,2022,1502
"1503",NA,2022,1503
"1504",NA,2022,1504
"1505",NA,2022,1505
"1506",NA,2022,1506
"1507",NA,2022,1507
"1508",NA,2022,1508
"1509",1,2022,1509
"1510",NA,2022,1510
"1511",1,2022,1511
"1512",NA,2022,1512
"1513",NA,2022,1513
"1514",NA,2022,1514
"1515",1,2022,1515
"1516",2,2022,1516
"1517",NA,2022,1517
"1518",1,2022,1518
"1519",NA,2022,1519
"1520",1,2022,1520
"1521",1,2022,1521
"1522",NA,2022,1522
"1523",NA,2022,1523
"1524",NA,2022,1524
"1525",NA,2022,1525
"1526",NA,2022,1526
"1527",NA,2022,1527
"1528",NA,2022,1528
"1529",NA,2022,1529
"1530",NA,2022,1530
"1531",NA,2022,1531
"1532",NA,2022,1532
"1533",NA,2022,1533
"1534",NA,2022,1534
"1535",NA,2022,1535
"1536",NA,2022,1536
"1537",2,2022,1537
"1538",NA,2022,1538
"1539",NA,2022,1539
"1540",NA,2022,1540
"1541",NA,2022,1541
"1542",NA,2022,1542
"1543",NA,2022,1543
"1544",NA,2022,1544
"1545",NA,2022,1545
"1546",NA,2022,1546
"1547",NA,2022,1547
"1548",NA,2022,1548
"1549",1,2022,1549
"1550",1,2022,1550
"1551",NA,2022,1551
"1552",NA,2022,1552
"1553",NA,2022,1553
"1554",NA,2022,1554
"1555",NA,2022,1555
"1556",1,2022,1556
"1557",1,2022,1557
"1558",NA,2022,1558
"1559",1,2022,1559
"1560",NA,2022,1560
"1561",1,2022,1561
"1562",NA,2022,1562
"1563",NA,2022,1563
"1564",NA,2022,1564
"1565",1,2022,1565
"1566",NA,2022,1566
"1567",NA,2022,1567
"1568",1,2022,1568
"1569",NA,2022,1569
"1570",1,2022,1570
"1571",NA,2022,1571
"1572",2,2022,1572
"1573",1,2022,1573
"1574",1,2022,1574
"1575",NA,2022,1575
"1576",NA,2022,1576
"1577",1,2022,1577
"1578",NA,2022,1578
"1579",NA,2022,1579
"1580",2,2022,1580
"1581",NA,2022,1581
"1582",1,2022,1582
"1583",1,2022,1583
"1584",NA,2022,1584
"1585",2,2022,1585
"1586",1,2022,1586
"1587",1,2022,1587
"1588",NA,2022,1588
"1589",1,2022,1589
"1590",1,2022,1590
"1591",NA,2022,1591
"1592",NA,2022,1592
"1593",1,2022,1593
"1594",NA,2022,1594
"1595",NA,2022,1595
"1596",NA,2022,1596
"1597",NA,2022,1597
"1598",NA,2022,1598
"1599",NA,2022,1599
"1600",NA,2022,1600
"1601",2,2022,1601
"1602",NA,2022,1602
"1603",NA,2022,1603
"1604",1,2022,1604
"1605",NA,2022,1605
"1606",NA,2022,1606
"1607",NA,2022,1607
"1608",NA,2022,1608
"1609",NA,2022,1609
"1610",1,2022,1610
"1611",1,2022,1611
"1612",NA,2022,1612
"1613",NA,2022,1613
"1614",NA,2022,1614
"1615",NA,2022,1615
"1616",NA,2022,1616
"1617",NA,2022,1617
"1618",NA,2022,1618
"1619",1,2022,1619
"1620",NA,2022,1620
"1621",1,2022,1621
"1622",NA,2022,1622
"1623",NA,2022,1623
"1624",NA,2022,1624
"1625",NA,2022,1625
"1626",1,2022,1626
"1627",1,2022,1627
"1628",1,2022,1628
"1629",1,2022,1629
"1630",NA,2022,1630
"1631",1,2022,1631
"1632",NA,2022,1632
"1633",NA,2022,1633
"1634",NA,2022,1634
"1635",NA,2022,1635
"1636",NA,2022,1636
"1637",2,2022,1637
"1638",NA,2022,1638
"1639",NA,2022,1639
"1640",1,2022,1640
"1641",NA,2022,1641
"1642",NA,2022,1642
"1643",NA,2022,1643
"1644",NA,2022,1644
"1645",1,2022,1645
"1646",NA,2022,1646
"1647",1,2022,1647
"1648",NA,2022,1648
"1649",NA,2022,1649
"1650",NA,2022,1650
"1651",NA,2022,1651
"1652",NA,2022,1652
"1653",NA,2022,1653
"1654",NA,2022,1654
"1655",NA,2022,1655
"1656",NA,2022,1656
"1657",NA,2022,1657
"1658",NA,2022,1658
"1659",NA,2022,1659
"1660",1,2022,1660
"1661",NA,2022,1661
"1662",1,2022,1662
"1663",1,2022,1663
"1664",NA,2022,1664
"1665",NA,2022,1665
"1666",NA,2022,1666
"1667",NA,2022,1667
"1668",NA,2022,1668
"1669",1,2022,1669
"1670",NA,2022,1670
"1671",1,2022,1671
"1672",1,2022,1672
"1673",1,2022,1673
"1674",NA,2022,1674
"1675",NA,2022,1675
"1676",NA,2022,1676
"1677",1,2022,1677
"1678",NA,2022,1678
"1679",NA,2022,1679
"1680",NA,2022,1680
"1681",NA,2022,1681
"1682",NA,2022,1682
"1683",1,2022,1683
"1684",NA,2022,1684
"1685",2,2022,1685
"1686",NA,2022,1686
"1687",1,2022,1687
"1688",2,2022,1688
"1689",NA,2022,1689
"1690",NA,2022,1690
"1691",1,2022,1691
"1692",NA,2022,1692
"1693",1,2022,1693
"1694",NA,2022,1694
"1695",1,2022,1695
"1696",1,2022,1696
"1697",NA,2022,1697
"1698",1,2022,1698
"1699",NA,2022,1699
"1700",NA,2022,1700
"1701",NA,2022,1701
"1702",NA,2022,1702
"1703",NA,2022,1703
"1704",NA,2022,1704
"1705",1,2022,1705
"1706",NA,2022,1706
"1707",NA,2022,1707
"1708",1,2022,1708
"1709",NA,2022,1709
"1710",NA,2022,1710
"1711",NA,2022,1711
"1712",NA,2022,1712
"1713",1,2022,1713
"1714",1,2022,1714
"1715",NA,2022,1715
"1716",NA,2022,1716
"1717",1,2022,1717
"1718",NA,2022,1718
"1719",1,2022,1719
"1720",NA,2022,1720
"1721",NA,2022,1721
"1722",2,2022,1722
"1723",NA,2022,1723
"1724",NA,2022,1724
"1725",NA,2022,1725
"1726",NA,2022,1726
"1727",1,2022,1727
"1728",NA,2022,1728
"1729",NA,2022,1729
"1730",NA,2022,1730
"1731",NA,2022,1731
"1732",NA,2022,1732
"1733",NA,2022,1733
"1734",NA,2022,1734
"1735",1,2022,1735
"1736",NA,2022,1736
"1737",NA,2022,1737
"1738",NA,2022,1738
"1739",NA,2022,1739
"1740",2,2022,1740
"1741",NA,2022,1741
"1742",NA,2022,1742
"1743",NA,2022,1743
"1744",1,2022,1744
"1745",NA,2022,1745
"1746",NA,2022,1746
"1747",1,2022,1747
"1748",NA,2022,1748
"1749",NA,2022,1749
"1750",NA,2022,1750
"1751",NA,2022,1751
"1752",1,2022,1752
"1753",1,2022,1753
"1754",NA,2022,1754
"1755",1,2022,1755
"1756",NA,2022,1756
"1757",NA,2022,1757
"1758",NA,2022,1758
"1759",NA,2022,1759
"1760",NA,2022,1760
"1761",NA,2022,1761
"1762",1,2022,1762
"1763",1,2022,1763
"1764",1,2022,1764
"1765",1,2022,1765
"1766",NA,2022,1766
"1767",NA,2022,1767
"1768",NA,2022,1768
"1769",NA,2022,1769
"1770",NA,2022,1770
"1771",1,2022,1771
"1772",1,2022,1772
"1773",NA,2022,1773
"1774",NA,2022,1774
"1775",1,2022,1775
"1776",1,2022,1776
"1777",1,2022,1777
"1778",1,2022,1778
"1779",NA,2022,1779
"1780",NA,2022,1780
"1781",1,2022,1781
"1782",1,2022,1782
"1783",NA,2022,1783
"1784",NA,2022,1784
"1785",NA,2022,1785
"1786",NA,2022,1786
"1787",1,2022,1787
"1788",1,2022,1788
"1789",NA,2022,1789
"1790",1,2022,1790
"1791",NA,2022,1791
"1792",1,2022,1792
"1793",1,2022,1793
"1794",NA,2022,1794
"1795",NA,2022,1795
"1796",2,2022,1796
"1797",NA,2022,1797
"1798",NA,2022,1798
"1799",1,2022,1799
"1800",NA,2022,1800
"1801",2,2022,1801
"1802",NA,2022,1802
"1803",1,2022,1803
"1804",1,2022,1804
"1805",NA,2022,1805
"1806",NA,2022,1806
"1807",NA,2022,1807
"1808",1,2022,1808
"1809",NA,2022,1809
"1810",NA,2022,1810
"1811",1,2022,1811
"1812",1,2022,1812
"1813",1,2022,1813
"1814",NA,2022,1814
"1815",NA,2022,1815
"1816",NA,2022,1816
"1817",NA,2022,1817
"1818",1,2022,1818
"1819",NA,2022,1819
"1820",NA,2022,1820
"1821",NA,2022,1821
"1822",1,2022,1822
"1823",1,2022,1823
"1824",1,2022,1824
"1825",NA,2022,1825
"1826",1,2022,1826
"1827",NA,2022,1827
"1828",1,2022,1828
"1829",1,2022,1829
"1830",1,2022,1830
"1831",NA,2022,1831
"1832",1,2022,1832
"1833",2,2022,1833
"1834",1,2022,1834
"1835",NA,2022,1835
"1836",NA,2022,1836
"1837",1,2022,1837
"1838",NA,2022,1838
"1839",NA,2022,1839
"1840",NA,2022,1840
"1841",NA,2022,1841
"1842",NA,2022,1842
"1843",1,2022,1843
"1844",NA,2022,1844
"1845",1,2022,1845
"1846",1,2022,1846
"1847",1,2022,1847
"1848",NA,2022,1848
"1849",NA,2022,1849
"1850",1,2022,1850
"1851",NA,2022,1851
"1852",NA,2022,1852
"1853",NA,2022,1853
"1854",NA,2022,1854
"1855",2,2022,1855
"1856",NA,2022,1856
"1857",NA,2022,1857
"1858",NA,2022,1858
"1859",NA,2022,1859
"1860",NA,2022,1860
"1861",NA,2022,1861
"1862",NA,2022,1862
"1863",1,2022,1863
"1864",NA,2022,1864
"1865",1,2022,1865
"1866",1,2022,1866
"1867",NA,2022,1867
"1868",2,2022,1868
"1869",NA,2022,1869
"1870",NA,2022,1870
"1871",NA,2022,1871
"1872",NA,2022,1872
"1873",NA,2022,1873
"1874",2,2022,1874
"1875",NA,2022,1875
"1876",NA,2022,1876
"1877",1,2022,1877
"1878",1,2022,1878
"1879",NA,2022,1879
"1880",NA,2022,1880
"1881",NA,2022,1881
"1882",NA,2022,1882
"1883",1,2022,1883
"1884",1,2022,1884
"1885",NA,2022,1885
"1886",NA,2022,1886
"1887",1,2022,1887
"1888",NA,2022,1888
"1889",1,2022,1889
"1890",NA,2022,1890
"1891",1,2022,1891
"1892",NA,2022,1892
"1893",NA,2022,1893
"1894",NA,2022,1894
"1895",NA,2022,1895
"1896",2,2022,1896
"1897",NA,2022,1897
"1898",NA,2022,1898
"1899",NA,2022,1899
"1900",NA,2022,1900
"1901",2,2022,1901
"1902",NA,2022,1902
"1903",NA,2022,1903
"1904",NA,2022,1904
"1905",NA,2022,1905
"1906",1,2022,1906
"1907",NA,2022,1907
"1908",2,2022,1908
"1909",NA,2022,1909
"1910",NA,2022,1910
"1911",1,2022,1911
"1912",1,2022,1912
"1913",NA,2022,1913
"1914",NA,2022,1914
"1915",1,2022,1915
"1916",1,2022,1916
"1917",1,2022,1917
"1918",NA,2022,1918
"1919",NA,2022,1919
"1920",NA,2022,1920
"1921",1,2022,1921
"1922",1,2022,1922
"1923",NA,2022,1923
"1924",NA,2022,1924
"1925",NA,2022,1925
"1926",NA,2022,1926
"1927",NA,2022,1927
"1928",NA,2022,1928
"1929",1,2022,1929
"1930",NA,2022,1930
"1931",NA,2022,1931
"1932",NA,2022,1932
"1933",NA,2022,1933
"1934",1,2022,1934
"1935",NA,2022,1935
"1936",NA,2022,1936
"1937",NA,2022,1937
"1938",1,2022,1938
"1939",NA,2022,1939
"1940",NA,2022,1940
"1941",NA,2022,1941
"1942",1,2022,1942
"1943",NA,2022,1943
"1944",NA,2022,1944
"1945",NA,2022,1945
"1946",1,2022,1946
"1947",1,2022,1947
"1948",NA,2022,1948
"1949",NA,2022,1949
"1950",NA,2022,1950
"1951",NA,2022,1951
"1952",NA,2022,1952
"1953",NA,2022,1953
"1954",NA,2022,1954
"1955",NA,2022,1955
"1956",NA,2022,1956
"1957",NA,2022,1957
"1958",NA,2022,1958
"1959",NA,2022,1959
"1960",1,2022,1960
"1961",1,2022,1961
"1962",NA,2022,1962
"1963",NA,2022,1963
"1964",NA,2022,1964
"1965",NA,2022,1965
"1966",NA,2022,1966
"1967",NA,2022,1967
"1968",NA,2022,1968
"1969",NA,2022,1969
"1970",NA,2022,1970
"1971",1,2022,1971
"1972",NA,2022,1972
"1973",NA,2022,1973
"1974",NA,2022,1974
"1975",NA,2022,1975
"1976",1,2022,1976
"1977",NA,2022,1977
"1978",1,2022,1978
"1979",NA,2022,1979
"1980",NA,2022,1980
"1981",NA,2022,1981
"1982",NA,2022,1982
"1983",NA,2022,1983
"1984",NA,2022,1984
"1985",NA,2022,1985
"1986",1,2022,1986
"1987",1,2022,1987
"1988",NA,2022,1988
"1989",NA,2022,1989
"1990",1,2022,1990
"1991",1,2022,1991
"1992",NA,2022,1992
"1993",1,2022,1993
"1994",NA,2022,1994
"1995",NA,2022,1995
"1996",1,2022,1996
"1997",NA,2022,1997
"1998",NA,2022,1998
"1999",1,2022,1999
"2000",NA,2022,2000
"2001",1,2022,2001
"2002",1,2022,2002
"2003",1,2022,2003
"2004",NA,2022,2004
"2005",2,2022,2005
"2006",NA,2022,2006
"2007",1,2022,2007
"2008",NA,2022,2008
"2009",1,2022,2009
"2010",NA,2022,2010
"2011",1,2022,2011
"2012",NA,2022,2012
"2013",1,2022,2013
"2014",NA,2022,2014
"2015",NA,2022,2015
"2016",NA,2022,2016
"2017",NA,2022,2017
"2018",NA,2022,2018
"2019",NA,2022,2019
"2020",NA,2022,2020
"2021",2,2022,2021
"2022",1,2022,2022
"2023",1,2022,2023
"2024",1,2022,2024
"2025",NA,2022,2025
"2026",1,2022,2026
"2027",NA,2022,2027
"2028",1,2022,2028
"2029",1,2022,2029
"2030",NA,2022,2030
"2031",1,2022,2031
"2032",NA,2022,2032
"2033",NA,2022,2033
"2034",NA,2022,2034
"2035",NA,2022,2035
"2036",NA,2022,2036
"2037",NA,2022,2037
"2038",1,2022,2038
"2039",1,2022,2039
"2040",NA,2022,2040
"2041",1,2022,2041
"2042",NA,2022,2042
"2043",NA,2022,2043
"2044",1,2022,2044
"2045",NA,2022,2045
"2046",NA,2022,2046
"2047",2,2022,2047
"2048",1,2022,2048
"2049",1,2022,2049
"2050",NA,2022,2050
"2051",NA,2022,2051
"2052",NA,2022,2052
"2053",NA,2022,2053
"2054",1,2022,2054
"2055",NA,2022,2055
"2056",NA,2022,2056
"2057",1,2022,2057
"2058",NA,2022,2058
"2059",NA,2022,2059
"2060",NA,2022,2060
"2061",1,2022,2061
"2062",1,2022,2062
"2063",1,2022,2063
"2064",1,2022,2064
"2065",NA,2022,2065
"2066",NA,2022,2066
"2067",1,2022,2067
"2068",1,2022,2068
"2069",1,2022,2069
"2070",1,2022,2070
"2071",1,2022,2071
"2072",2,2022,2072
"2073",NA,2022,2073
"2074",1,2022,2074
"2075",NA,2022,2075
"2076",NA,2022,2076
"2077",NA,2022,2077
"2078",1,2022,2078
"2079",1,2022,2079
"2080",1,2022,2080
"2081",NA,2022,2081
"2082",1,2022,2082
"2083",NA,2022,2083
"2084",1,2022,2084
"2085",NA,2022,2085
"2086",1,2022,2086
"2087",NA,2022,2087
"2088",NA,2022,2088
"2089",NA,2022,2089
"2090",1,2022,2090
"2091",1,2022,2091
"2092",NA,2022,2092
"2093",NA,2022,2093
"2094",NA,2022,2094
"2095",NA,2022,2095
"2096",NA,2022,2096
"2097",NA,2022,2097
"2098",1,2022,2098
"2099",NA,2022,2099
"2100",1,2022,2100
"2101",NA,2022,2101
"2102",NA,2022,2102
"2103",NA,2022,2103
"2104",NA,2022,2104
"2105",NA,2022,2105
"2106",NA,2022,2106
"2107",NA,2022,2107
"2108",NA,2022,2108
"2109",NA,2022,2109
"2110",NA,2022,2110
"2111",NA,2022,2111
"2112",NA,2022,2112
"2113",NA,2022,2113
"2114",1,2022,2114
"2115",1,2022,2115
"2116",1,2022,2116
"2117",1,2022,2117
"2118",NA,2022,2118
"2119",NA,2022,2119
"2120",1,2022,2120
"2121",NA,2022,2121
"2122",1,2022,2122
"2123",1,2022,2123
"2124",NA,2022,2124
"2125",NA,2022,2125
"2126",1,2022,2126
"2127",NA,2022,2127
"2128",NA,2022,2128
"2129",1,2022,2129
"2130",1,2022,2130
"2131",NA,2022,2131
"2132",1,2022,2132
"2133",1,2022,2133
"2134",NA,2022,2134
"2135",NA,2022,2135
"2136",NA,2022,2136
"2137",NA,2022,2137
"2138",NA,2022,2138
"2139",1,2022,2139
"2140",1,2022,2140
"2141",1,2022,2141
"2142",1,2022,2142
"2143",NA,2022,2143
"2144",NA,2022,2144
"2145",NA,2022,2145
"2146",NA,2022,2146
"2147",NA,2022,2147
"2148",NA,2022,2148
"2149",NA,2022,2149
"2150",NA,2022,2150
"2151",1,2022,2151
"2152",NA,2022,2152
"2153",NA,2022,2153
"2154",NA,2022,2154
"2155",1,2022,2155
"2156",2,2022,2156
"2157",NA,2022,2157
"2158",1,2022,2158
"2159",NA,2022,2159
"2160",NA,2022,2160
"2161",1,2022,2161
"2162",NA,2022,2162
"2163",1,2022,2163
"2164",NA,2022,2164
"2165",1,2022,2165
"2166",NA,2022,2166
"2167",1,2022,2167
"2168",NA,2022,2168
"2169",1,2022,2169
"2170",NA,2022,2170
"2171",1,2022,2171
"2172",NA,2022,2172
"2173",2,2022,2173
"2174",2,2022,2174
"2175",NA,2022,2175
"2176",NA,2022,2176
"2177",NA,2022,2177
"2178",1,2022,2178
"2179",NA,2022,2179
"2180",1,2022,2180
"2181",1,2022,2181
"2182",1,2022,2182
"2183",1,2022,2183
"2184",NA,2022,2184
"2185",1,2022,2185
"2186",1,2022,2186
"2187",NA,2022,2187
"2188",NA,2022,2188
"2189",1,2022,2189
"2190",1,2022,2190
"2191",NA,2022,2191
"2192",NA,2022,2192
"2193",NA,2022,2193
"2194",1,2022,2194
"2195",1,2022,2195
"2196",NA,2022,2196
"2197",NA,2022,2197
"2198",NA,2022,2198
"2199",1,2022,2199
"2200",1,2022,2200
"2201",1,2022,2201
"2202",1,2022,2202
"2203",NA,2022,2203
"2204",1,2022,2204
"2205",NA,2022,2205
"2206",NA,2022,2206
"2207",NA,2022,2207
"2208",1,2022,2208
"2209",NA,2022,2209
"2210",NA,2022,2210
"2211",2,2022,2211
"2212",1,2022,2212
"2213",NA,2022,2213
"2214",NA,2022,2214
"2215",NA,2022,2215
"2216",NA,2022,2216
"2217",1,2022,2217
"2218",NA,2022,2218
"2219",1,2022,2219
"2220",NA,2022,2220
"2221",1,2022,2221
"2222",NA,2022,2222
"2223",NA,2022,2223
"2224",NA,2022,2224
"2225",NA,2022,2225
"2226",NA,2022,2226
"2227",1,2022,2227
"2228",NA,2022,2228
"2229",NA,2022,2229
"2230",NA,2022,2230
"2231",NA,2022,2231
"2232",NA,2022,2232
"2233",1,2022,2233
"2234",1,2022,2234
"2235",2,2022,2235
"2236",1,2022,2236
"2237",NA,2022,2237
"2238",NA,2022,2238
"2239",NA,2022,2239
"2240",1,2022,2240
"2241",NA,2022,2241
"2242",1,2022,2242
"2243",NA,2022,2243
"2244",NA,2022,2244
"2245",NA,2022,2245
"2246",1,2022,2246
"2247",NA,2022,2247
"2248",NA,2022,2248
"2249",1,2022,2249
"2250",NA,2022,2250
"2251",NA,2022,2251
"2252",1,2022,2252
"2253",2,2022,2253
"2254",1,2022,2254
"2255",NA,2022,2255
"2256",NA,2022,2256
"2257",1,2022,2257
"2258",NA,2022,2258
"2259",NA,2022,2259
"2260",NA,2022,2260
"2261",1,2022,2261
"2262",NA,2022,2262
"2263",NA,2022,2263
"2264",1,2022,2264
"2265",1,2022,2265
"2266",1,2022,2266
"2267",NA,2022,2267
"2268",1,2022,2268
"2269",1,2022,2269
"2270",1,2022,2270
"2271",NA,2022,2271
"2272",1,2022,2272
"2273",1,2022,2273
"2274",NA,2022,2274
"2275",NA,2022,2275
"2276",1,2022,2276
"2277",1,2022,2277
"2278",1,2022,2278
"2279",NA,2022,2279
"2280",1,2022,2280
"2281",NA,2022,2281
"2282",NA,2022,2282
"2283",NA,2022,2283
"2284",NA,2022,2284
"2285",NA,2022,2285
"2286",1,2022,2286
"2287",NA,2022,2287
"2288",NA,2022,2288
"2289",NA,2022,2289
"2290",1,2022,2290
"2291",1,2022,2291
"2292",NA,2022,2292
"2293",NA,2022,2293
"2294",NA,2022,2294
"2295",1,2022,2295
"2296",1,2022,2296
"2297",1,2022,2297
"2298",1,2022,2298
"2299",1,2022,2299
"2300",1,2022,2300
"2301",1,2022,2301
"2302",1,2022,2302
"2303",NA,2022,2303
"2304",NA,2022,2304
"2305",1,2022,2305
"2306",1,2022,2306
"2307",NA,2022,2307
"2308",NA,2022,2308
"2309",NA,2022,2309
"2310",1,2022,2310
"2311",NA,2022,2311
"2312",NA,2022,2312
"2313",1,2022,2313
"2314",NA,2022,2314
"2315",1,2022,2315
"2316",NA,2022,2316
"2317",1,2022,2317
"2318",1,2022,2318
"2319",1,2022,2319
"2320",1,2022,2320
"2321",NA,2022,2321
"2322",NA,2022,2322
"2323",NA,2022,2323
"2324",NA,2022,2324
"2325",1,2022,2325
"2326",NA,2022,2326
"2327",NA,2022,2327
"2328",NA,2022,2328
"2329",NA,2022,2329
"2330",NA,2022,2330
"2331",NA,2022,2331
"2332",NA,2022,2332
"2333",1,2022,2333
"2334",NA,2022,2334
"2335",1,2022,2335
"2336",1,2022,2336
"2337",NA,2022,2337
"2338",NA,2022,2338
"2339",NA,2022,2339
"2340",1,2022,2340
"2341",1,2022,2341
"2342",NA,2022,2342
"2343",1,2022,2343
"2344",1,2022,2344
"2345",NA,2022,2345
"2346",NA,2022,2346
"2347",NA,2022,2347
"2348",NA,2022,2348
"2349",NA,2022,2349
"2350",1,2022,2350
"2351",NA,2022,2351
"2352",1,2022,2352
"2353",1,2022,2353
"2354",1,2022,2354
"2355",NA,2022,2355
"2356",NA,2022,2356
"2357",NA,2022,2357
"2358",NA,2022,2358
"2359",NA,2022,2359
"2360",NA,2022,2360
"2361",1,2022,2361
"2362",NA,2022,2362
"2363",NA,2022,2363
"2364",NA,2022,2364
"2365",1,2022,2365
"2366",1,2022,2366
"2367",NA,2022,2367
"2368",NA,2022,2368
"2369",1,2022,2369
"2370",1,2022,2370
"2371",1,2022,2371
"2372",1,2022,2372
"2373",1,2022,2373
"2374",NA,2022,2374
"2375",NA,2022,2375
"2376",NA,2022,2376
"2377",NA,2022,2377
"2378",NA,2022,2378
"2379",1,2022,2379
"2380",NA,2022,2380
"2381",NA,2022,2381
"2382",2,2022,2382
"2383",1,2022,2383
"2384",NA,2022,2384
"2385",1,2022,2385
"2386",NA,2022,2386
"2387",NA,2022,2387
"2388",1,2022,2388
"2389",NA,2022,2389
"2390",1,2022,2390
"2391",1,2022,2391
"2392",1,2022,2392
"2393",NA,2022,2393
"2394",NA,2022,2394
"2395",1,2022,2395
"2396",NA,2022,2396
"2397",NA,2022,2397
"2398",NA,2022,2398
"2399",NA,2022,2399
"2400",NA,2022,2400
"2401",1,2022,2401
"2402",1,2022,2402
"2403",NA,2022,2403
"2404",NA,2022,2404
"2405",NA,2022,2405
"2406",1,2022,2406
"2407",1,2022,2407
"2408",1,2022,2408
"2409",1,2022,2409
"2410",2,2022,2410
"2411",NA,2022,2411
"2412",1,2022,2412
"2413",NA,2022,2413
"2414",1,2022,2414
"2415",NA,2022,2415
"2416",NA,2022,2416
"2417",NA,2022,2417
"2418",1,2022,2418
"2419",NA,2022,2419
"2420",NA,2022,2420
"2421",NA,2022,2421
"2422",1,2022,2422
"2423",NA,2022,2423
"2424",NA,2022,2424
"2425",NA,2022,2425
"2426",NA,2022,2426
"2427",1,2022,2427
"2428",NA,2022,2428
"2429",NA,2022,2429
"2430",NA,2022,2430
"2431",1,2022,2431
"2432",NA,2022,2432
"2433",1,2022,2433
"2434",1,2022,2434
"2435",NA,2022,2435
"2436",NA,2022,2436
"2437",NA,2022,2437
"2438",NA,2022,2438
"2439",NA,2022,2439
"2440",NA,2022,2440
"2441",NA,2022,2441
"2442",1,2022,2442
"2443",NA,2022,2443
"2444",NA,2022,2444
"2445",1,2022,2445
"2446",NA,2022,2446
"2447",NA,2022,2447
"2448",NA,2022,2448
"2449",1,2022,2449
"2450",1,2022,2450
"2451",1,2022,2451
"2452",NA,2022,2452
"2453",NA,2022,2453
"2454",1,2022,2454
"2455",1,2022,2455
"2456",1,2022,2456
"2457",NA,2022,2457
"2458",NA,2022,2458
"2459",NA,2022,2459
"2460",NA,2022,2460
"2461",NA,2022,2461
"2462",NA,2022,2462
"2463",1,2022,2463
"2464",NA,2022,2464
"2465",NA,2022,2465
"2466",1,2022,2466
"2467",NA,2022,2467
"2468",NA,2022,2468
"2469",1,2022,2469
"2470",NA,2022,2470
"2471",1,2022,2471
"2472",1,2022,2472
"2473",1,2022,2473
"2474",1,2022,2474
"2475",1,2022,2475
"2476",NA,2022,2476
"2477",1,2022,2477
"2478",1,2022,2478
"2479",NA,2022,2479
"2480",1,2022,2480
"2481",NA,2022,2481
"2482",NA,2022,2482
"2483",NA,2022,2483
"2484",NA,2022,2484
"2485",NA,2022,2485
"2486",1,2022,2486
"2487",NA,2022,2487
"2488",NA,2022,2488
"2489",2,2022,2489
"2490",1,2022,2490
"2491",1,2022,2491
"2492",NA,2022,2492
"2493",1,2022,2493
"2494",NA,2022,2494
"2495",NA,2022,2495
"2496",NA,2022,2496
"2497",1,2022,2497
"2498",NA,2022,2498
"2499",NA,2022,2499
"2500",NA,2022,2500
"2501",1,2022,2501
"2502",NA,2022,2502
"2503",NA,2022,2503
"2504",1,2022,2504
"2505",NA,2022,2505
"2506",NA,2022,2506
"2507",1,2022,2507
"2508",1,2022,2508
"2509",NA,2022,2509
"2510",1,2022,2510
"2511",1,2022,2511
"2512",1,2022,2512
"2513",1,2022,2513
"2514",1,2022,2514
"2515",2,2022,2515
"2516",NA,2022,2516
"2517",NA,2022,2517
"2518",NA,2022,2518
"2519",1,2022,2519
"2520",NA,2022,2520
"2521",NA,2022,2521
"2522",NA,2022,2522
"2523",NA,2022,2523
"2524",NA,2022,2524
"2525",1,2022,2525
"2526",NA,2022,2526
"2527",NA,2022,2527
"2528",NA,2022,2528
"2529",1,2022,2529
"2530",NA,2022,2530
"2531",NA,2022,2531
"2532",NA,2022,2532
"2533",NA,2022,2533
"2534",NA,2022,2534
"2535",1,2022,2535
"2536",NA,2022,2536
"2537",1,2022,2537
"2538",1,2022,2538
"2539",NA,2022,2539
"2540",NA,2022,2540
"2541",NA,2022,2541
"2542",1,2022,2542
"2543",1,2022,2543
"2544",NA,2022,2544
"2545",2,2022,2545
"2546",NA,2022,2546
"2547",NA,2022,2547
"2548",1,2022,2548
"2549",1,2022,2549
"2550",1,2022,2550
"2551",1,2022,2551
"2552",NA,2022,2552
"2553",1,2022,2553
"2554",1,2022,2554
"2555",1,2022,2555
"2556",NA,2022,2556
"2557",NA,2022,2557
"2558",1,2022,2558
"2559",1,2022,2559
"2560",NA,2022,2560
"2561",NA,2022,2561
"2562",1,2022,2562
"2563",1,2022,2563
"2564",NA,2022,2564
"2565",NA,2022,2565
"2566",NA,2022,2566
"2567",NA,2022,2567
"2568",1,2022,2568
"2569",1,2022,2569
"2570",NA,2022,2570
"2571",1,2022,2571
"2572",NA,2022,2572
"2573",NA,2022,2573
"2574",1,2022,2574
"2575",NA,2022,2575
"2576",NA,2022,2576
"2577",NA,2022,2577
"2578",NA,2022,2578
"2579",NA,2022,2579
"2580",NA,2022,2580
"2581",NA,2022,2581
"2582",1,2022,2582
"2583",NA,2022,2583
"2584",1,2022,2584
"2585",NA,2022,2585
"2586",NA,2022,2586
"2587",NA,2022,2587
"2588",1,2022,2588
"2589",1,2022,2589
"2590",1,2022,2590
"2591",1,2022,2591
"2592",1,2022,2592
"2593",1,2022,2593
"2594",1,2022,2594
"2595",NA,2022,2595
"2596",NA,2022,2596
"2597",NA,2022,2597
"2598",1,2022,2598
"2599",NA,2022,2599
"2600",NA,2022,2600
"2601",NA,2022,2601
"2602",1,2022,2602
"2603",NA,2022,2603
"2604",NA,2022,2604
"2605",NA,2022,2605
"2606",1,2022,2606
"2607",NA,2022,2607
"2608",1,2022,2608
"2609",1,2022,2609
"2610",1,2022,2610
"2611",1,2022,2611
"2612",1,2022,2612
"2613",NA,2022,2613
"2614",1,2022,2614
"2615",1,2022,2615
"2616",1,2022,2616
"2617",1,2022,2617
"2618",1,2022,2618
"2619",NA,2022,2619
"2620",1,2022,2620
"2621",NA,2022,2621
"2622",1,2022,2622
"2623",2,2022,2623
"2624",NA,2022,2624
"2625",1,2022,2625
"2626",NA,2022,2626
"2627",NA,2022,2627
"2628",NA,2022,2628
"2629",1,2022,2629
"2630",NA,2022,2630
"2631",1,2022,2631
"2632",NA,2022,2632
"2633",1,2022,2633
"2634",2,2022,2634
"2635",NA,2022,2635
"2636",NA,2022,2636
"2637",NA,2022,2637
"2638",NA,2022,2638
"2639",1,2022,2639
"2640",NA,2022,2640
"2641",NA,2022,2641
"2642",NA,2022,2642
"2643",NA,2022,2643
"2644",NA,2022,2644
"2645",NA,2022,2645
"2646",NA,2022,2646
"2647",1,2022,2647
"2648",NA,2022,2648
"2649",NA,2022,2649
"2650",NA,2022,2650
"2651",NA,2022,2651
"2652",NA,2022,2652
"2653",NA,2022,2653
"2654",NA,2022,2654
"2655",1,2022,2655
"2656",1,2022,2656
"2657",NA,2022,2657
"2658",NA,2022,2658
"2659",NA,2022,2659
"2660",1,2022,2660
"2661",NA,2022,2661
"2662",1,2022,2662
"2663",NA,2022,2663
"2664",1,2022,2664
"2665",2,2022,2665
"2666",1,2022,2666
"2667",NA,2022,2667
"2668",1,2022,2668
"2669",2,2022,2669
"2670",1,2022,2670
"2671",NA,2022,2671
"2672",NA,2022,2672
"2673",1,2022,2673
"2674",NA,2022,2674
"2675",NA,2022,2675
"2676",1,2022,2676
"2677",NA,2022,2677
"2678",NA,2022,2678
"2679",1,2022,2679
"2680",1,2022,2680
"2681",1,2022,2681
"2682",NA,2022,2682
"2683",NA,2022,2683
"2684",NA,2022,2684
"2685",2,2022,2685
"2686",NA,2022,2686
"2687",1,2022,2687
"2688",NA,2022,2688
"2689",NA,2022,2689
"2690",1,2022,2690
"2691",NA,2022,2691
"2692",NA,2022,2692
"2693",1,2022,2693
"2694",NA,2022,2694
"2695",NA,2022,2695
"2696",NA,2022,2696
"2697",NA,2022,2697
"2698",NA,2022,2698
"2699",NA,2022,2699
"2700",2,2022,2700
"2701",NA,2022,2701
"2702",1,2022,2702
"2703",1,2022,2703
"2704",NA,2022,2704
"2705",NA,2022,2705
"2706",1,2022,2706
"2707",1,2022,2707
"2708",NA,2022,2708
"2709",NA,2022,2709
"2710",1,2022,2710
"2711",NA,2022,2711
"2712",NA,2022,2712
"2713",1,2022,2713
"2714",NA,2022,2714
"2715",1,2022,2715
"2716",1,2022,2716
"2717",NA,2022,2717
"2718",NA,2022,2718
"2719",NA,2022,2719
"2720",NA,2022,2720
"2721",1,2022,2721
"2722",1,2022,2722
"2723",1,2022,2723
"2724",1,2022,2724
"2725",2,2022,2725
"2726",1,2022,2726
"2727",NA,2022,2727
"2728",1,2022,2728
"2729",1,2022,2729
"2730",NA,2022,2730
"2731",1,2022,2731
"2732",1,2022,2732
"2733",NA,2022,2733
"2734",1,2022,2734
"2735",1,2022,2735
"2736",1,2022,2736
"2737",NA,2022,2737
"2738",NA,2022,2738
"2739",NA,2022,2739
"2740",1,2022,2740
"2741",NA,2022,2741
"2742",NA,2022,2742
"2743",NA,2022,2743
"2744",NA,2022,2744
"2745",NA,2022,2745
"2746",NA,2022,2746
"2747",NA,2022,2747
"2748",1,2022,2748
"2749",1,2022,2749
"2750",NA,2022,2750
"2751",2,2022,2751
"2752",1,2022,2752
"2753",1,2022,2753
"2754",NA,2022,2754
"2755",NA,2022,2755
"2756",1,2022,2756
"2757",NA,2022,2757
"2758",NA,2022,2758
"2759",1,2022,2759
"2760",NA,2022,2760
"2761",NA,2022,2761
"2762",NA,2022,2762
"2763",NA,2022,2763
"2764",1,2022,2764
"2765",1,2022,2765
"2766",1,2022,2766
"2767",NA,2022,2767
"2768",1,2022,2768
"2769",NA,2022,2769
"2770",NA,2022,2770
"2771",NA,2022,2771
"2772",NA,2022,2772
"2773",1,2022,2773
"2774",1,2022,2774
"2775",NA,2022,2775
"2776",NA,2022,2776
"2777",1,2022,2777
"2778",NA,2022,2778
"2779",1,2022,2779
"2780",NA,2022,2780
"2781",NA,2022,2781
"2782",NA,2022,2782
"2783",NA,2022,2783
"2784",NA,2022,2784
"2785",1,2022,2785
"2786",NA,2022,2786
"2787",NA,2022,2787
"2788",1,2022,2788
"2789",NA,2022,2789
"2790",NA,2022,2790
"2791",NA,2022,2791
"2792",1,2022,2792
"2793",NA,2022,2793
"2794",NA,2022,2794
"2795",NA,2022,2795
"2796",1,2022,2796
"2797",NA,2022,2797
"2798",NA,2022,2798
"2799",NA,2022,2799
"2800",1,2022,2800
"2801",NA,2022,2801
"2802",NA,2022,2802
"2803",NA,2022,2803
"2804",NA,2022,2804
"2805",NA,2022,2805
"2806",NA,2022,2806
"2807",NA,2022,2807
"2808",1,2022,2808
"2809",NA,2022,2809
"2810",NA,2022,2810
"2811",NA,2022,2811
"2812",1,2022,2812
"2813",1,2022,2813
"2814",NA,2022,2814
"2815",NA,2022,2815
"2816",NA,2022,2816
"2817",NA,2022,2817
"2818",NA,2022,2818
"2819",NA,2022,2819
"2820",NA,2022,2820
"2821",NA,2022,2821
"2822",NA,2022,2822
"2823",1,2022,2823
"2824",NA,2022,2824
"2825",NA,2022,2825
"2826",NA,2022,2826
"2827",NA,2022,2827
"2828",NA,2022,2828
"2829",NA,2022,2829
"2830",NA,2022,2830
"2831",NA,2022,2831
"2832",1,2022,2832
"2833",1,2022,2833
"2834",2,2022,2834
"2835",NA,2022,2835
"2836",1,2022,2836
"2837",2,2022,2837
"2838",1,2022,2838
"2839",1,2022,2839
"2840",NA,2022,2840
"2841",NA,2022,2841
"2842",NA,2022,2842
"2843",1,2022,2843
"2844",1,2022,2844
"2845",NA,2022,2845
"2846",1,2022,2846
"2847",1,2022,2847
"2848",NA,2022,2848
"2849",1,2022,2849
"2850",1,2022,2850
"2851",NA,2022,2851
"2852",1,2022,2852
"2853",1,2022,2853
"2854",NA,2022,2854
"2855",NA,2022,2855
"2856",1,2022,2856
"2857",NA,2022,2857
"2858",NA,2022,2858
"2859",1,2022,2859
"2860",1,2022,2860
"2861",NA,2022,2861
"2862",NA,2022,2862
"2863",1,2022,2863
"2864",1,2022,2864
"2865",1,2022,2865
"2866",NA,2022,2866
"2867",NA,2022,2867
"2868",NA,2022,2868
"2869",NA,2022,2869
"2870",NA,2022,2870
"2871",1,2022,2871
"2872",NA,2022,2872
"2873",1,2022,2873
"2874",1,2022,2874
"2875",1,2022,2875
"2876",NA,2022,2876
"2877",NA,2022,2877
"2878",1,2022,2878
"2879",NA,2022,2879
"2880",NA,2022,2880
"2881",NA,2022,2881
"2882",NA,2022,2882
"2883",NA,2022,2883
"2884",2,2022,2884
"2885",NA,2022,2885
"2886",NA,2022,2886
"2887",1,2022,2887
"2888",NA,2022,2888
"2889",NA,2022,2889
"2890",NA,2022,2890
"2891",NA,2022,2891
"2892",NA,2022,2892
"2893",1,2022,2893
"2894",NA,2022,2894
"2895",NA,2022,2895
"2896",NA,2022,2896
"2897",1,2022,2897
"2898",NA,2022,2898
"2899",1,2022,2899
"2900",1,2022,2900
"2901",NA,2022,2901
"2902",NA,2022,2902
"2903",1,2022,2903
"2904",NA,2022,2904
"2905",NA,2022,2905
"2906",1,2022,2906
"2907",NA,2022,2907
"2908",NA,2022,2908
"2909",NA,2022,2909
"2910",2,2022,2910
"2911",NA,2022,2911
"2912",NA,2022,2912
"2913",NA,2022,2913
"2914",NA,2022,2914
"2915",NA,2022,2915
"2916",NA,2022,2916
"2917",1,2022,2917
"2918",1,2022,2918
"2919",NA,2022,2919
"2920",1,2022,2920
"2921",NA,2022,2921
"2922",1,2022,2922
"2923",1,2022,2923
"2924",1,2022,2924
"2925",NA,2022,2925
"2926",NA,2022,2926
"2927",1,2022,2927
"2928",1,2022,2928
"2929",1,2022,2929
"2930",NA,2022,2930
"2931",NA,2022,2931
"2932",NA,2022,2932
"2933",NA,2022,2933
"2934",NA,2022,2934
"2935",1,2022,2935
"2936",1,2022,2936
"2937",NA,2022,2937
"2938",NA,2022,2938
"2939",1,2022,2939
"2940",NA,2022,2940
"2941",NA,2022,2941
"2942",NA,2022,2942
"2943",1,2022,2943
"2944",1,2022,2944
"2945",NA,2022,2945
"2946",NA,2022,2946
"2947",NA,2022,2947
"2948",1,2022,2948
"2949",1,2022,2949
"2950",1,2022,2950
"2951",NA,2022,2951
"2952",NA,2022,2952
"2953",NA,2022,2953
"2954",NA,2022,2954
"2955",1,2022,2955
"2956",1,2022,2956
"2957",NA,2022,2957
"2958",1,2022,2958
"2959",1,2022,2959
"2960",1,2022,2960
"2961",NA,2022,2961
"2962",1,2022,2962
"2963",NA,2022,2963
"2964",NA,2022,2964
"2965",1,2022,2965
"2966",1,2022,2966
"2967",NA,2022,2967
"2968",1,2022,2968
"2969",1,2022,2969
"2970",1,2022,2970
"2971",1,2022,2971
"2972",1,2022,2972
"2973",NA,2022,2973
"2974",NA,2022,2974
"2975",1,2022,2975
"2976",NA,2022,2976
"2977",NA,2022,2977
"2978",NA,2022,2978
"2979",1,2022,2979
"2980",NA,2022,2980
"2981",NA,2022,2981
"2982",1,2022,2982
"2983",1,2022,2983
"2984",1,2022,2984
"2985",1,2022,2985
"2986",NA,2022,2986
"2987",NA,2022,2987
"2988",NA,2022,2988
"2989",NA,2022,2989
"2990",1,2022,2990
"2991",NA,2022,2991
"2992",NA,2022,2992
"2993",1,2022,2993
"2994",NA,2022,2994
"2995",1,2022,2995
"2996",1,2022,2996
"2997",NA,2022,2997
"2998",NA,2022,2998
"2999",1,2022,2999
"3000",NA,2022,3000
"3001",1,2022,3001
"3002",NA,2022,3002
"3003",1,2022,3003
"3004",NA,2022,3004
"3005",1,2022,3005
"3006",1,2022,3006
"3007",NA,2022,3007
"3008",NA,2022,3008
"3009",NA,2022,3009
"3010",1,2022,3010
"3011",NA,2022,3011
"3012",1,2022,3012
"3013",NA,2022,3013
"3014",NA,2022,3014
"3015",NA,2022,3015
"3016",NA,2022,3016
"3017",NA,2022,3017
"3018",NA,2022,3018
"3019",NA,2022,3019
"3020",NA,2022,3020
"3021",NA,2022,3021
"3022",NA,2022,3022
"3023",NA,2022,3023
"3024",1,2022,3024
"3025",NA,2022,3025
"3026",NA,2022,3026
"3027",NA,2022,3027
"3028",1,2022,3028
"3029",2,2022,3029
"3030",NA,2022,3030
"3031",NA,2022,3031
"3032",1,2022,3032
"3033",NA,2022,3033
"3034",2,2022,3034
"3035",2,2022,3035
"3036",1,2022,3036
"3037",NA,2022,3037
"3038",1,2022,3038
"3039",NA,2022,3039
"3040",1,2022,3040
"3041",NA,2022,3041
"3042",1,2022,3042
"3043",NA,2022,3043
"3044",1,2022,3044
"3045",NA,2022,3045
"3046",2,2022,3046
"3047",1,2022,3047
"3048",1,2022,3048
"3049",NA,2022,3049
"3050",NA,2022,3050
"3051",NA,2022,3051
"3052",1,2022,3052
"3053",1,2022,3053
"3054",NA,2022,3054
"3055",1,2022,3055
"3056",NA,2022,3056
"3057",NA,2022,3057
"3058",NA,2022,3058
"3059",1,2022,3059
"3060",1,2022,3060
"3061",1,2022,3061
"3062",1,2022,3062
"3063",1,2022,3063
"3064",1,2022,3064
"3065",NA,2022,3065
"3066",1,2022,3066
"3067",NA,2022,3067
"3068",1,2022,3068
"3069",NA,2022,3069
"3070",1,2022,3070
"3071",NA,2022,3071
"3072",1,2022,3072
"3073",NA,2022,3073
"3074",NA,2022,3074
"3075",NA,2022,3075
"3076",1,2022,3076
"3077",NA,2022,3077
"3078",1,2022,3078
"3079",1,2022,3079
"3080",1,2022,3080
"3081",NA,2022,3081
"3082",NA,2022,3082
"3083",NA,2022,3083
"3084",NA,2022,3084
"3085",1,2022,3085
"3086",NA,2022,3086
"3087",NA,2022,3087
"3088",1,2022,3088
"3089",1,2022,3089
"3090",NA,2022,3090
"3091",NA,2022,3091
"3092",NA,2022,3092
"3093",NA,2022,3093
"3094",1,2022,3094
"3095",1,2022,3095
"3096",NA,2022,3096
"3097",NA,2022,3097
"3098",NA,2022,3098
"3099",NA,2022,3099
"3100",NA,2022,3100
"3101",NA,2022,3101
"3102",NA,2022,3102
"3103",1,2022,3103
"3104",NA,2022,3104
"3105",1,2022,3105
"3106",1,2022,3106
"3107",NA,2022,3107
"3108",NA,2022,3108
"3109",1,2022,3109
"3110",NA,2022,3110
"3111",NA,2022,3111
"3112",NA,2022,3112
"3113",1,2022,3113
"3114",NA,2022,3114
"3115",NA,2022,3115
"3116",NA,2022,3116
"3117",1,2022,3117
"3118",NA,2022,3118
"3119",NA,2022,3119
"3120",NA,2022,3120
"3121",1,2022,3121
"3122",1,2022,3122
"3123",NA,2022,3123
"3124",NA,2022,3124
"3125",NA,2022,3125
"3126",NA,2022,3126
"3127",1,2022,3127
"3128",1,2022,3128
"3129",NA,2022,3129
"3130",NA,2022,3130
"3131",NA,2022,3131
"3132",1,2022,3132
"3133",1,2022,3133
"3134",NA,2022,3134
"3135",NA,2022,3135
"3136",1,2022,3136
"3137",1,2022,3137
"3138",NA,2022,3138
"3139",NA,2022,3139
"3140",NA,2022,3140
"3141",1,2022,3141
"3142",1,2022,3142
"3143",1,2022,3143
"3144",1,2022,3144
"3145",1,2022,3145
"3146",NA,2022,3146
"3147",NA,2022,3147
"3148",1,2022,3148
"3149",NA,2022,3149
"3150",2,2022,3150
"3151",NA,2022,3151
"3152",1,2022,3152
"3153",NA,2022,3153
"3154",NA,2022,3154
"3155",1,2022,3155
"3156",1,2022,3156
"3157",NA,2022,3157
"3158",NA,2022,3158
"3159",1,2022,3159
"3160",2,2022,3160
"3161",NA,2022,3161
"3162",NA,2022,3162
"3163",NA,2022,3163
"3164",NA,2022,3164
"3165",NA,2022,3165
"3166",NA,2022,3166
"3167",1,2022,3167
"3168",NA,2022,3168
"3169",1,2022,3169
"3170",NA,2022,3170
"3171",NA,2022,3171
"3172",1,2022,3172
"3173",NA,2022,3173
"3174",NA,2022,3174
"3175",NA,2022,3175
"3176",NA,2022,3176
"3177",1,2022,3177
"3178",1,2022,3178
"3179",1,2022,3179
"3180",NA,2022,3180
"3181",NA,2022,3181
"3182",NA,2022,3182
"3183",1,2022,3183
"3184",NA,2022,3184
"3185",NA,2022,3185
"3186",1,2022,3186
"3187",1,2022,3187
"3188",1,2022,3188
"3189",NA,2022,3189
"3190",1,2022,3190
"3191",1,2022,3191
"3192",1,2022,3192
"3193",1,2022,3193
"3194",NA,2022,3194
"3195",1,2022,3195
"3196",NA,2022,3196
"3197",1,2022,3197
"3198",NA,2022,3198
"3199",1,2022,3199
"3200",NA,2022,3200
"3201",1,2022,3201
"3202",NA,2022,3202
"3203",NA,2022,3203
"3204",NA,2022,3204
"3205",NA,2022,3205
"3206",NA,2022,3206
"3207",1,2022,3207
"3208",NA,2022,3208
"3209",NA,2022,3209
"3210",NA,2022,3210
"3211",NA,2022,3211
"3212",NA,2022,3212
"3213",NA,2022,3213
"3214",NA,2022,3214
"3215",NA,2022,3215
"3216",NA,2022,3216
"3217",NA,2022,3217
"3218",NA,2022,3218
"3219",1,2022,3219
"3220",NA,2022,3220
"3221",NA,2022,3221
"3222",1,2022,3222
"3223",NA,2022,3223
"3224",NA,2022,3224
"3225",NA,2022,3225
"3226",NA,2022,3226
"3227",2,2022,3227
"3228",NA,2022,3228
"3229",NA,2022,3229
"3230",NA,2022,3230
"3231",NA,2022,3231
"3232",NA,2022,3232
"3233",NA,2022,3233
"3234",NA,2022,3234
"3235",1,2022,3235
"3236",1,2022,3236
"3237",NA,2022,3237
"3238",1,2022,3238
"3239",NA,2022,3239
"3240",2,2022,3240
"3241",NA,2022,3241
"3242",2,2022,3242
"3243",NA,2022,3243
"3244",NA,2022,3244
"3245",NA,2022,3245
"3246",NA,2022,3246
"3247",1,2022,3247
"3248",NA,2022,3248
"3249",NA,2022,3249
"3250",1,2022,3250
"3251",NA,2022,3251
"3252",1,2022,3252
"3253",1,2022,3253
"3254",NA,2022,3254
"3255",NA,2022,3255
"3256",1,2022,3256
"3257",NA,2022,3257
"3258",NA,2022,3258
"3259",1,2022,3259
"3260",NA,2022,3260
"3261",1,2022,3261
"3262",NA,2022,3262
"3263",NA,2022,3263
"3264",NA,2022,3264
"3265",1,2022,3265
"3266",1,2022,3266
"3267",NA,2022,3267
"3268",NA,2022,3268
"3269",NA,2022,3269
"3270",2,2022,3270
"3271",NA,2022,3271
"3272",NA,2022,3272
"3273",1,2022,3273
"3274",1,2022,3274
"3275",1,2022,3275
"3276",NA,2022,3276
"3277",NA,2022,3277
"3278",1,2022,3278
"3279",1,2022,3279
"3280",1,2022,3280
"3281",NA,2022,3281
"3282",1,2022,3282
"3283",NA,2022,3283
"3284",1,2022,3284
"3285",1,2022,3285
"3286",1,2022,3286
"3287",NA,2022,3287
"3288",NA,2022,3288
"3289",1,2022,3289
"3290",NA,2022,3290
"3291",NA,2022,3291
"3292",NA,2022,3292
"3293",1,2022,3293
"3294",NA,2022,3294
"3295",NA,2022,3295
"3296",NA,2022,3296
"3297",1,2022,3297
"3298",NA,2022,3298
"3299",1,2022,3299
"3300",NA,2022,3300
"3301",NA,2022,3301
"3302",NA,2022,3302
"3303",NA,2022,3303
"3304",1,2022,3304
"3305",NA,2022,3305
"3306",1,2022,3306
"3307",NA,2022,3307
"3308",1,2022,3308
"3309",NA,2022,3309
"3310",NA,2022,3310
"3311",NA,2022,3311
"3312",NA,2022,3312
"3313",NA,2022,3313
"3314",NA,2022,3314
"3315",NA,2022,3315
"3316",NA,2022,3316
"3317",NA,2022,3317
"3318",NA,2022,3318
"3319",NA,2022,3319
"3320",NA,2022,3320
"3321",2,2022,3321
"3322",1,2022,3322
"3323",NA,2022,3323
"3324",NA,2022,3324
"3325",NA,2022,3325
"3326",NA,2022,3326
"3327",NA,2022,3327
"3328",NA,2022,3328
"3329",1,2022,3329
"3330",1,2022,3330
"3331",NA,2022,3331
"3332",1,2022,3332
"3333",1,2022,3333
"3334",1,2022,3334
"3335",NA,2022,3335
"3336",NA,2022,3336
"3337",NA,2022,3337
"3338",2,2022,3338
"3339",NA,2022,3339
"3340",1,2022,3340
"3341",NA,2022,3341
"3342",1,2022,3342
"3343",1,2022,3343
"3344",NA,2022,3344
"3345",NA,2022,3345
"3346",NA,2022,3346
"3347",NA,2022,3347
"3348",NA,2022,3348
"3349",1,2022,3349
"3350",NA,2022,3350
"3351",1,2022,3351
"3352",NA,2022,3352
"3353",1,2022,3353
"3354",1,2022,3354
"3355",NA,2022,3355
"3356",NA,2022,3356
"3357",NA,2022,3357
"3358",NA,2022,3358
"3359",NA,2022,3359
"3360",1,2022,3360
"3361",NA,2022,3361
"3362",NA,2022,3362
"3363",NA,2022,3363
"3364",1,2022,3364
"3365",NA,2022,3365
"3366",NA,2022,3366
"3367",NA,2022,3367
"3368",NA,2022,3368
"3369",NA,2022,3369
"3370",1,2022,3370
"3371",1,2022,3371
"3372",1,2022,3372
"3373",1,2022,3373
"3374",1,2022,3374
"3375",NA,2022,3375
"3376",1,2022,3376
"3377",NA,2022,3377
"3378",NA,2022,3378
"3379",NA,2022,3379
"3380",1,2022,3380
"3381",1,2022,3381
"3382",1,2022,3382
"3383",1,2022,3383
"3384",NA,2022,3384
"3385",NA,2022,3385
"3386",1,2022,3386
"3387",NA,2022,3387
"3388",1,2022,3388
"3389",NA,2022,3389
"3390",1,2022,3390
"3391",1,2022,3391
"3392",NA,2022,3392
"3393",NA,2022,3393
"3394",NA,2022,3394
"3395",1,2022,3395
"3396",NA,2022,3396
"3397",NA,2022,3397
"3398",1,2022,3398
"3399",1,2022,3399
"3400",1,2022,3400
"3401",NA,2022,3401
"3402",NA,2022,3402
"3403",NA,2022,3403
"3404",NA,2022,3404
"3405",1,2022,3405
"3406",NA,2022,3406
"3407",1,2022,3407
"3408",1,2022,3408
"3409",1,2022,3409
"3410",1,2022,3410
"3411",NA,2022,3411
"3412",1,2022,3412
"3413",NA,2022,3413
"3414",NA,2022,3414
"3415",NA,2022,3415
"3416",1,2022,3416
"3417",1,2022,3417
"3418",1,2022,3418
"3419",NA,2022,3420
"3420",1,2022,3421
"3421",NA,2022,3422
"3422",NA,2022,3423
"3423",2,2022,3424
"3424",NA,2022,3425
"3425",NA,2022,3426
"3426",NA,2022,3427
"3427",NA,2022,3428
"3428",1,2022,3429
"3429",2,2022,3430
"3430",NA,2022,3431
"3431",1,2022,3432
"3432",NA,2022,3433
"3433",NA,2022,3434
"3434",NA,2022,3435
"3435",NA,2022,3436
"3436",NA,2022,3437
"3437",1,2022,3438
"3438",1,2022,3439
"3439",NA,2022,3440
"3440",1,2022,3441
"3441",1,2022,3442
"3442",2,2022,3443
"3443",NA,2022,3444
"3444",1,2022,3445
"3445",1,2022,3446
"3446",1,2022,3447
"3447",1,2022,3448
"3448",1,2022,3449
"3449",NA,2022,3450
"3450",2,2022,3451
"3451",NA,2022,3452
"3452",1,2022,3453
"3453",NA,2022,3454
"3454",NA,2022,3455
"3455",NA,2022,3456
"3456",NA,2022,3457
"3457",NA,2022,3458
"3458",1,2022,3459
"3459",1,2022,3460
"3460",1,2022,3461
"3461",1,2022,3462
"3462",1,2022,3463
"3463",NA,2022,3464
"3464",2,2022,3465
"3465",NA,2022,3466
"3466",NA,2022,3467
"3467",NA,2022,3468
"3468",NA,2022,3469
"3469",NA,2022,3470
"3470",1,2022,3471
"3471",1,2022,3472
"3472",NA,2022,3473
"3473",NA,2022,3474
"3474",NA,2022,3475
"3475",NA,2022,3476
"3476",NA,2022,3477
"3477",2,2022,3478
"3478",NA,2022,3479
"3479",2,2022,3480
"3480",NA,2022,3481
"3481",NA,2022,3482
"3482",1,2022,3483
"3483",1,2022,3484
"3484",1,2022,3485
"3485",2,2022,3486
"3486",1,2022,3487
"3487",NA,2022,3488
"3488",1,2022,3489
"3489",NA,2022,3490
"3490",NA,2022,3491
"3491",1,2022,3492
"3492",1,2022,3493
"3493",NA,2022,3494
"3494",NA,2022,3495
"3495",1,2022,3496
"3496",NA,2022,3497
"3497",NA,2022,3498
"3498",NA,2022,3499
"3499",1,2022,3500
"3500",1,2022,3501
"3501",1,2022,3502
"3502",1,2022,3503
"3503",1,2022,3504
"3504",1,2022,3505
"3505",NA,2022,3506
"3506",NA,2022,3507
"3507",1,2022,3508
"3508",1,2022,3509
"3509",2,2022,3510
"3510",NA,2022,3511
"3511",NA,2022,3512
"3512",NA,2022,3513
"3513",1,2022,3514
"3514",NA,2022,3515
"3515",NA,2022,3516
"3516",NA,2022,3517
"3517",1,2022,3518
"3518",1,2022,3519
"3519",1,2022,3520
"3520",NA,2022,3521
"3521",NA,2022,3522
"3522",NA,2022,3523
"3523",NA,2022,3524
"3524",NA,2022,3525
"3525",1,2022,3526
"3526",1,2022,3527
"3527",NA,2022,3528
"3528",1,2022,3529
"3529",NA,2022,3530
"3530",NA,2022,3531
"3531",NA,2022,3532
"3532",NA,2022,3533
"3533",NA,2022,3534
"3534",NA,2022,3535
"3535",1,2022,3536
"3536",1,2022,3537
"3537",1,2022,3538
"3538",1,2022,3539
"3539",1,2022,3540
"3540",NA,2022,3541
"3541",NA,2022,3542
"3542",NA,2022,3543
"3543",NA,2022,3544
"3544",NA,2022,3545
"3545",NA,2022,3546
"3546",NA,2022,3547
"3547",1,2022,3548
"3548",NA,2022,3549
"3549",1,2022,3550
"3550",NA,2022,3551
"3551",NA,2022,3552
"3552",1,2022,3553
"3553",NA,2022,3554
"3554",NA,2022,3555
"3555",1,2022,3556
"3556",NA,2022,3557
"3557",NA,2022,3558
"3558",1,2022,3559
"3559",NA,2022,3560
"3560",1,2022,3561
"3561",NA,2022,3562
"3562",NA,2022,3563
"3563",NA,2022,3564
"3564",NA,2022,3565
"3565",1,2022,3566
"3566",NA,2022,3567
"3567",NA,2022,3568
"3568",NA,2022,3569
"3569",NA,2022,3570
"3570",NA,2022,3571
"3571",2,2022,3572
"3572",NA,2022,3573
"3573",NA,2022,3574
"3574",NA,2022,3575
"3575",NA,2022,3576
"3576",NA,2022,3577
"3577",1,2022,3578
"3578",NA,2022,3579
"3579",NA,2022,3580
"3580",NA,2022,3581
"3581",NA,2022,3582
"3582",NA,2022,3583
"3583",2,2022,3584
"3584",1,2022,3585
"3585",NA,2022,3586
"3586",NA,2022,3587
"3587",NA,2022,3588
"3588",NA,2022,3589
"3589",1,2022,3590
"3590",NA,2022,3591
"3591",NA,2022,3592
"3592",NA,2022,3593
"3593",2,2022,3594
"3594",1,2022,3595
"3595",1,2022,3596
"3596",NA,2022,3597
"3597",NA,2022,3598
"3598",1,2022,3599
"3599",NA,2022,3600
"3600",NA,2022,3601
"3601",NA,2022,3602
"3602",NA,2022,3603
"3603",NA,2022,3604
"3604",NA,2022,3605
"3605",2,2022,3606
"3606",NA,2022,3607
"3607",1,2022,3608
"3608",NA,2022,3609
"3609",1,2022,3610
"3610",NA,2022,3611
"3611",NA,2022,3612
"3612",NA,2022,3613
"3613",NA,2022,3614
"3614",1,2022,3615
"3615",NA,2022,3616
"3616",NA,2022,3617
"3617",NA,2022,3618
"3618",NA,2022,3619
"3619",1,2022,3620
"3620",NA,2022,3621
"3621",NA,2022,3622
"3622",NA,2022,3623
"3623",NA,2022,3624
"3624",NA,2022,3625
"3625",NA,2022,3626
"3626",NA,2022,3627
"3627",1,2022,3628
"3628",NA,2022,3629
"3629",NA,2022,3630
"3630",NA,2022,3631
"3631",1,2022,3632
"3632",NA,2022,3633
"3633",NA,2022,3634
"3634",NA,2022,3635
"3635",NA,2022,3636
"3636",NA,2022,3637
"3637",NA,2022,3638
"3638",2,2022,3639
"3639",1,2022,3640
"3640",1,2022,3641
"3641",NA,2022,3642
"3642",1,2022,3643
"3643",NA,2022,3644
"3644",2,2022,3645
"3645",NA,2022,3646
"3646",NA,2022,3647
"3647",2,2022,3648
"3648",1,2022,3649
"3649",NA,2022,3650
"3650",NA,2022,3651
"3651",NA,2022,3652
"3652",NA,2022,3653
"3653",1,2022,3654
"3654",NA,2022,3655
"3655",NA,2022,3656
"3656",NA,2022,3657
"3657",NA,2022,3658
"3658",NA,2022,3659
"3659",NA,2022,3660
"3660",NA,2022,3661
"3661",1,2022,3662
"3662",NA,2022,3663
"3663",2,2022,3664
"3664",NA,2022,3665
"3665",NA,2022,3666
"3666",NA,2022,3667
"3667",NA,2022,3668
"3668",NA,2022,3669
"3669",NA,2022,3670
"3670",NA,2022,3671
"3671",NA,2022,3672
"3672",NA,2022,3673
"3673",NA,2022,3674
"3674",1,2022,3675
"3675",NA,2022,3676
"3676",NA,2022,3677
"3677",1,2022,3678
"3678",NA,2022,3679
"3679",NA,2022,3680
"3680",NA,2022,3681
"3681",NA,2022,3682
"3682",1,2022,3683
"3683",NA,2022,3684
"3684",1,2022,3685
"3685",NA,2022,3686
"3686",NA,2022,3687
"3687",NA,2022,3688
"3688",1,2022,3689
"3689",NA,2022,3690
"3690",NA,2022,3691
"3691",1,2022,3692
"3692",NA,2022,3693
"3693",NA,2022,3694
"3694",NA,2022,3695
"3695",NA,2022,3696
"3696",1,2022,3697
"3697",NA,2022,3698
"3698",NA,2022,3699
"3699",1,2022,3700
"3700",NA,2022,3701
"3701",NA,2022,3702
"3702",2,2022,3703
"3703",NA,2022,3704
"3704",NA,2022,3705
"3705",1,2022,3706
"3706",NA,2022,3707
"3707",NA,2022,3708
"3708",NA,2022,3709
"3709",NA,2022,3710
"3710",NA,2022,3711
"3711",NA,2022,3712
"3712",NA,2022,3713
"3713",1,2022,3714
"3714",NA,2022,3715
"3715",NA,2022,3716
"3716",NA,2022,3717
"3717",NA,2022,3718
"3718",NA,2022,3719
"3719",NA,2022,3720
"3720",NA,2022,3721
"3721",NA,2022,3722
"3722",NA,2022,3723
"3723",NA,2022,3724
"3724",NA,2022,3725
"3725",NA,2022,3726
"3726",NA,2022,3727
"3727",NA,2022,3728
"3728",NA,2022,3729
"3729",NA,2022,3730
"3730",NA,2022,3731
"3731",NA,2022,3732
"3732",NA,2022,3733
"3733",NA,2022,3734
"3734",2,2022,3735
"3735",1,2022,3736
"3736",1,2022,3737
"3737",NA,2022,3738
"3738",NA,2022,3739
"3739",NA,2022,3740
"3740",1,2022,3741
"3741",NA,2022,3742
"3742",1,2022,3743
"3743",NA,2022,3744
"3744",NA,2022,3745
"3745",NA,2022,3746
"3746",NA,2022,3747
"3747",NA,2022,3748
"3748",NA,2022,3749
"3749",1,2022,3750
"3750",NA,2022,3751
"3751",NA,2022,3752
"3752",1,2022,3753
"3753",NA,2022,3754
"3754",NA,2022,3755
"3755",NA,2022,3756
"3756",2,2022,3757
"3757",1,2022,3758
"3758",NA,2022,3759
"3759",NA,2022,3760
"3760",NA,2022,3761
"3761",NA,2022,3762
"3762",2,2022,3763
"3763",NA,2022,3764
"3764",2,2022,3765
"3765",NA,2022,3766
"3766",NA,2022,3767
"3767",NA,2022,3768
"3768",NA,2022,3769
"3769",NA,2022,3770
"3770",NA,2022,3771
"3771",NA,2022,3772
"3772",NA,2022,3773
"3773",1,2022,3774
"3774",1,2022,3775
"3775",NA,2022,3776
"3776",1,2022,3777
"3777",NA,2022,3778
"3778",NA,2022,3779
"3779",NA,2022,3780
"3780",NA,2022,3781
"3781",NA,2022,3782
"3782",NA,2022,3783
"3783",NA,2022,3784
"3784",1,2022,3785
"3785",NA,2022,3786
"3786",NA,2022,3787
"3787",NA,2022,3788
"3788",NA,2022,3789
"3789",NA,2022,3790
"3790",NA,2022,3791
"3791",NA,2022,3792
"3792",NA,2022,3793
"3793",NA,2022,3794
"3794",NA,2022,3795
"3795",NA,2022,3796
"3796",1,2022,3797
"3797",NA,2022,3798
"3798",NA,2022,3799
"3799",NA,2022,3800
"3800",NA,2022,3801
"3801",NA,2022,3802
"3802",NA,2022,3803
"3803",NA,2022,3804
"3804",NA,2022,3805
"3805",NA,2022,3806
"3806",2,2022,3807
"3807",NA,2022,3808
"3808",NA,2022,3809
"3809",NA,2022,3810
"3810",1,2022,3811
"3811",NA,2022,3812
"3812",NA,2022,3813
"3813",1,2022,3814
"3814",NA,2022,3815
"3815",NA,2022,3816
"3816",1,2022,3817
"3817",2,2022,3818
"3818",NA,2022,3819
"3819",NA,2022,3820
"3820",NA,2022,3821
"3821",NA,2022,3822
"3822",NA,2022,3823
"3823",NA,2022,3824
"3824",1,2022,3825
"3825",NA,2022,3826
"3826",NA,2022,3827
"3827",NA,2022,3828
"3828",NA,2022,3829
"3829",NA,2022,3830
"3830",NA,2022,3831
"3831",NA,2022,3832
"3832",NA,2022,3833
"3833",NA,2022,3834
"3834",NA,2022,3835
"3835",NA,2022,3836
"3836",NA,2022,3837
"3837",2,2022,3838
"3838",NA,2022,3839
"3839",NA,2022,3840
"3840",NA,2022,3841
"3841",1,2022,3842
"3842",NA,2022,3843
"3843",NA,2022,3844
"3844",NA,2022,3845
"3845",NA,2022,3846
"3846",NA,2022,3847
"3847",NA,2022,3848
"3848",NA,2022,3849
"3849",NA,2022,3850
"3850",NA,2022,3851
"3851",NA,2022,3852
"3852",NA,2022,3853
"3853",1,2022,3854
"3854",NA,2022,3855
"3855",NA,2022,3856
"3856",NA,2022,3857
"3857",1,2022,3858
"3858",NA,2022,3859
"3859",2,2022,3860
"3860",NA,2022,3861
"3861",NA,2022,3862
"3862",NA,2022,3863
"3863",NA,2022,3864
"3864",1,2022,3865
"3865",NA,2022,3866
"3866",NA,2022,3867
"3867",1,2022,3868
"3868",1,2022,3869
"3869",NA,2022,3870
"3870",1,2022,3871
"3871",1,2022,3872
"3872",NA,2022,3873
"3873",NA,2022,3874
"3874",NA,2022,3875
"3875",NA,2022,3876
"3876",1,2022,3877
"3877",NA,2022,3878
"3878",NA,2022,3879
"3879",NA,2022,3880
"3880",NA,2022,3881
"3881",NA,2022,3882
"3882",NA,2022,3883
"3883",NA,2022,3884
"3884",2,2022,3885
"3885",NA,2022,3886
"3886",NA,2022,3887
"3887",1,2022,3888
"3888",1,2022,3889
"3889",NA,2022,3890
"3890",NA,2022,3891
"3891",1,2022,3892
"3892",NA,2022,3893
"3893",NA,2022,3894
"3894",NA,2022,3895
"3895",NA,2022,3896
"3896",NA,2022,3897
"3897",1,2022,3898
"3898",1,2022,3899
"3899",2,2022,3900
"3900",NA,2022,3901
"3901",NA,2022,3902
"3902",NA,2022,3903
"3903",2,2022,3904
"3904",1,2022,3905
"3905",NA,2022,3906
"3906",1,2022,3907
"3907",NA,2022,3908
"3908",NA,2022,3909
"3909",1,2022,3910
"3910",1,2022,3911
"3911",NA,2022,3912
"3912",NA,2022,3913
"3913",NA,2022,3914
"3914",NA,2022,3915
"3915",NA,2022,3916
"3916",NA,2022,3917
"3917",NA,2022,3918
"3918",1,2022,3919
"3919",NA,2022,3920
"3920",NA,2022,3921
"3921",NA,2022,3922
"3922",1,2022,3923
"3923",NA,2022,3924
"3924",NA,2022,3925
"3925",NA,2022,3926
"3926",NA,2022,3927
"3927",NA,2022,3928
"3928",1,2022,3929
"3929",NA,2022,3930
"3930",NA,2022,3931
"3931",NA,2022,3932
"3932",NA,2022,3933
"3933",NA,2022,3934
"3934",NA,2022,3935
"3935",NA,2022,3936
"3936",1,2022,3937
"3937",NA,2022,3938
"3938",NA,2022,3939
"3939",NA,2022,3940
"3940",2,2022,3941
"3941",NA,2022,3942
"3942",2,2022,3943
"3943",NA,2022,3944
"3944",NA,2022,3945
"3945",NA,2022,3946
"3946",2,2022,3947
"3947",NA,2022,3948
"3948",NA,2022,3949
"3949",NA,2022,3950
"3950",1,2022,3951
"3951",NA,2022,3952
"3952",NA,2022,3953
"3953",1,2022,3954
"3954",NA,2022,3955
"3955",NA,2022,3956
"3956",NA,2022,3957
"3957",NA,2022,3958
"3958",NA,2022,3959
"3959",NA,2022,3960
"3960",NA,2022,3961
"3961",1,2022,3962
"3962",1,2022,3963
"3963",1,2022,3964
"3964",1,2022,3965
"3965",NA,2022,3966
"3966",NA,2022,3967
"3967",NA,2022,3968
"3968",NA,2022,3969
"3969",NA,2022,3970
"3970",NA,2022,3971
"3971",NA,2022,3972
"3972",NA,2022,3973
"3973",NA,2022,3974
"3974",NA,2022,3975
"3975",NA,2022,3976
"3976",NA,2022,3977
"3977",NA,2022,3978
"3978",1,2022,3979
"3979",1,2022,3980
"3980",NA,2022,3981
"3981",NA,2022,3982
"3982",1,2022,3983
"3983",NA,2022,3984
"3984",1,2022,3985
"3985",NA,2022,3986
"3986",NA,2022,3987
"3987",NA,2022,3988
"3988",NA,2022,3989
"3989",NA,2022,3990
"3990",1,2022,3991
"3991",NA,2022,3992
"3992",NA,2022,3993
"3993",NA,2022,3994
"3994",NA,2022,3995
"3995",NA,2022,3996
"3996",NA,2022,3997
"3997",2,2022,3998
"3998",NA,2022,3999
"3999",NA,2022,4000
"4000",NA,2022,4001
"4001",NA,2022,4002
"4002",NA,2022,4003
"4003",NA,2022,4004
"4004",NA,2022,4005
"4005",NA,2022,4006
"4006",NA,2022,4007
"4007",NA,2022,4008
"4008",NA,2022,4009
"4009",NA,2022,4010
"4010",1,2022,4011
"4011",NA,2022,4012
"4012",1,2022,4013
"4013",NA,2022,4014
"4014",NA,2022,4015
"4015",NA,2022,4016
"4016",NA,2022,4017
"4017",1,2022,4018
"4018",NA,2022,4019
"4019",NA,2022,4020
"4020",NA,2022,4021
"4021",NA,2022,4022
"4022",NA,2022,4023
"4023",NA,2022,4024
"4024",1,2022,4025
"4025",1,2022,4026
"4026",NA,2022,4027
"4027",NA,2022,4028
"4028",NA,2022,4029
"4029",NA,2022,4030
"4030",NA,2022,4031
"4031",NA,2022,4032
"4032",2,2022,4033
"4033",NA,2022,4034
"4034",NA,2022,4035
"4035",1,2022,4036
"4036",NA,2022,4037
"4037",1,2022,4038
"4038",NA,2022,4039
"4039",NA,2022,4040
"4040",NA,2022,4041
"4041",2,2022,4042
"4042",NA,2022,4043
"4043",1,2022,4044
"4044",NA,2022,4045
"4045",NA,2022,4046
"4046",NA,2022,4047
"4047",NA,2022,4048
"4048",2,2022,4049
"4049",NA,2022,4050
"4050",NA,2022,4051
"4051",NA,2022,4052
"4052",NA,2022,4053
"4053",NA,2022,4054
"4054",2,2022,4055
"4055",2,2022,4056
"4056",NA,2022,4057
"4057",1,2022,4058
"4058",2,2022,4059
"4059",NA,2022,4060
"4060",NA,2022,4061
"4061",1,2022,4062
"4062",NA,2022,4063
"4063",NA,2022,4064
"4064",NA,2022,4065
"4065",NA,2022,4066
"4066",NA,2022,4067
"4067",NA,2022,4068
"4068",NA,2022,4069
"4069",NA,2022,4070
"4070",1,2022,4071
"4071",NA,2022,4072
"4072",NA,2022,4073
"4073",NA,2022,4074
"4074",NA,2022,4075
"4075",1,2022,4076
"4076",NA,2022,4077
"4077",NA,2022,4078
"4078",NA,2022,4079
"4079",NA,2022,4080
"4080",NA,2022,4081
"4081",NA,2022,4082
"4082",NA,2022,4083
"4083",NA,2022,4084
"4084",NA,2022,4085
"4085",NA,2022,4086
"4086",NA,2022,4087
"4087",NA,2022,4088
"4088",NA,2022,4089
"4089",NA,2022,4090
"4090",NA,2022,4091
"4091",1,2022,4092
"4092",1,2022,4093
"4093",NA,2022,4094
"4094",NA,2022,4095
"4095",1,2022,4096
"4096",NA,2022,4097
"4097",NA,2022,4098
"4098",NA,2022,4099
"4099",NA,2022,4100
"4100",1,2022,4101
"4101",1,2022,4102
"4102",NA,2022,4103
"4103",2,2022,4104
"4104",NA,2022,4105
"4105",1,2022,4106
"4106",NA,2022,4107
"4107",1,2022,4108
"4108",NA,2022,4109
"4109",NA,2022,4110
"4110",1,2022,4111
"4111",NA,2022,4112
"4112",NA,2022,4113
"4113",NA,2022,4114
"4114",NA,2022,4115
"4115",1,2022,4116
"4116",1,2022,4117
"4117",NA,2022,4118
"4118",NA,2022,4119
"4119",NA,2022,4120
"4120",1,2022,4121
"4121",NA,2022,4122
"4122",NA,2022,4123
"4123",NA,2022,4124
"4124",1,2022,4125
"4125",NA,2022,4126
"4126",NA,2022,4127
"4127",NA,2022,4128
"4128",1,2022,4129
"4129",NA,2022,4130
"4130",NA,2022,4131
"4131",NA,2022,4132
"4132",1,2022,4133
"4133",NA,2022,4134
"4134",1,2022,4135
"4135",1,2022,4136
"4136",NA,2022,4137
"4137",NA,2022,4138
"4138",NA,2022,4139
"4139",1,2022,4140
"4140",NA,2022,4141
"4141",1,2022,4142
"4142",1,2022,4143
"4143",1,2022,4144
"4144",NA,2022,4145
"4145",1,2022,4146
"4146",NA,2022,4147
"4147",NA,2022,4148
"4148",NA,2022,4149
"4149",NA,2022,4150
